  0
SECTION
  2
HEADER
  9
$ACADVER
  1
AC1027
  9
$ACADMAINTVER
 70
105
  9
$DWGCODEPAGE
  3
ANSI_1252
  9
$LASTSAVEDBY
  1
PROJETO14
  9
$REQUIREDVERSIONS
160
0
  9
$INSBASE
 10
2.0
 20
2.0
 30
0.0
  9
$EXTMIN
 10
568.3705408918106
 20
20.10019092851058
 30
0.0
  9
$EXTMAX
 10
3114.592741112471
 20
449.8243086538476
 30
0.0
  9
$LIMMIN
 10
0.0
 20
0.0
  9
$LIMMAX
 10
12.0
 20
9.0
  9
$ORTHOMODE
 70
0
  9
$REGENMODE
 70
1
  9
$FILLMODE
 70
1
  9
$QTEXTMODE
 70
0
  9
$MIRRTEXT
 70
0
  9
$LTSCALE
 40
1.0
  9
$ATTMODE
 70
1
  9
$TEXTSIZE
 40
0.2
  9
$TRACEWID
 40
0.15
  9
$TEXTSTYLE
  7
BB
  9
$CLAYER
  8
ARQ-CONSTRUIR
  9
$CELTYPE
  6
BYLAYER
  9
$CECOLOR
 62
256
  9
$CELTSCALE
 40
1.0
  9
$DISPSILH
 70
1
  9
$DIMSCALE
 40
1.0
  9
$DIMASZ
 40
0.03
  9
$DIMEXO
 40
0.04
  9
$DIMDLI
 40
0.04
  9
$DIMRND
 40
0.0
  9
$DIMDLE
 40
0.18
  9
$DIMEXE
 40
0.04
  9
$DIMTP
 40
0.0
  9
$DIMTM
 40
0.0
  9
$DIMTXT
 40
0.17
  9
$DIMCEN
 40
0.09
  9
$DIMTSZ
 40
0.0
  9
$DIMTOL
 70
0
  9
$DIMLIM
 70
0
  9
$DIMTIH
 70
0
  9
$DIMTOH
 70
0
  9
$DIMSE1
 70
0
  9
$DIMSE2
 70
0
  9
$DIMTAD
 70
1
  9
$DIMZIN
 70
4
  9
$DIMBLK
  1
DOT
  9
$DIMASO
 70
1
  9
$DIMSHO
 70
1
  9
$DIMPOST
  1

  9
$DIMAPOST
  1

  9
$DIMALT
 70
0
  9
$DIMALTD
 70
2
  9
$DIMALTF
 40
25.4
  9
$DIMLFAC
 40
1.0
  9
$DIMTOFL
 70
1
  9
$DIMTVP
 40
0.0
  9
$DIMTIX
 70
1
  9
$DIMSOXD
 70
0
  9
$DIMSAH
 70
0
  9
$DIMBLK1
  1

  9
$DIMBLK2
  1

  9
$DIMSTYLE
  2
COTA 50
  9
$DIMCLRD
 70
256
  9
$DIMCLRE
 70
256
  9
$DIMCLRT
 70
2
  9
$DIMTFAC
 40
1.0
  9
$DIMGAP
 40
0.04
  9
$DIMJUST
 70
0
  9
$DIMSD1
 70
0
  9
$DIMSD2
 70
0
  9
$DIMTOLJ
 70
1
  9
$DIMTZIN
 70
0
  9
$DIMALTZ
 70
0
  9
$DIMALTTZ
 70
0
  9
$DIMUPT
 70
0
  9
$DIMDEC
 70
2
  9
$DIMTDEC
 70
2
  9
$DIMALTU
 70
2
  9
$DIMALTTD
 70
2
  9
$DIMTXSTY
  7
ARIAL COTA 50
  9
$DIMAUNIT
 70
0
  9
$DIMADEC
 70
0
  9
$DIMALTRND
 40
0.0
  9
$DIMAZIN
 70
0
  9
$DIMDSEP
 70
46
  9
$DIMATFIT
 70
3
  9
$DIMFRAC
 70
0
  9
$DIMLDRBLK
  1
DOT
  9
$DIMLUNIT
 70
2
  9
$DIMLWD
 70
-2
  9
$DIMLWE
 70
-2
  9
$DIMTMOVE
 70
2
  9
$DIMFXL
 40
0.18
  9
$DIMFXLON
 70
0
  9
$DIMJOGANG
 40
1.570796326794896
  9
$DIMTFILL
 70
0
  9
$DIMTFILLCLR
 70
0
  9
$DIMARCSYM
 70
0
  9
$DIMLTYPE
  6
BYLAYER
  9
$DIMLTEX1
  6

  9
$DIMLTEX2
  6

  9
$DIMTXTDIRECTION
 70
0
  9
$LUNITS
 70
2
  9
$LUPREC
 70
2
  9
$SKETCHINC
 40
0.1
  9
$FILLETRAD
 40
0.0
  9
$AUNITS
 70
0
  9
$AUPREC
 70
4
  9
$MENU
  1
ARQ-12-1
  9
$ELEVATION
 40
0.0
  9
$PELEVATION
 40
0.0
  9
$THICKNESS
 40
0.0
  9
$LIMCHECK
 70
0
  9
$CHAMFERA
 40
0.0
  9
$CHAMFERB
 40
0.0
  9
$CHAMFERC
 40
0.0
  9
$CHAMFERD
 40
0.0
  9
$SKPOLY
 70
0
  9
$TDCREATE
 40
2460796.350462963
  9
$TDUCREATE
 40
2454277.739112766
  9
$TDUPDATE
 40
2460796.350462963
  9
$TDUUPDATE
 40
2460796.251782408
  9
$TDINDWG
 40
5.7479529514
  9
$TDUSRTIMER
 40
5.7479519907
  9
$USRTIMER
 70
1
  9
$ANGBASE
 50
0.0
  9
$ANGDIR
 70
0
  9
$PDMODE
 70
3
  9
$PDSIZE
 40
0.2
  9
$PLINEWID
 40
0.0
  9
$SPLFRAME
 70
0
  9
$SPLINETYPE
 70
6
  9
$SPLINESEGS
 70
8
  9
$HANDSEED
  5
4ECF82
  9
$SURFTAB1
 70
6
  9
$SURFTAB2
 70
6
  9
$SURFTYPE
 70
6
  9
$SURFU
 70
6
  9
$SURFV
 70
6
  9
$UCSBASE
  2

  9
$UCSNAME
  2

  9
$UCSORG
 10
0.0
 20
0.0
 30
0.0
  9
$UCSXDIR
 10
1.0
 20
0.0
 30
0.0
  9
$UCSYDIR
 10
0.0
 20
1.0
 30
0.0
  9
$UCSORTHOREF
  2

  9
$UCSORTHOVIEW
 70
0
  9
$UCSORGTOP
 10
0.0
 20
0.0
 30
0.0
  9
$UCSORGBOTTOM
 10
0.0
 20
0.0
 30
0.0
  9
$UCSORGLEFT
 10
0.0
 20
0.0
 30
0.0
  9
$UCSORGRIGHT
 10
0.0
 20
0.0
 30
0.0
  9
$UCSORGFRONT
 10
0.0
 20
0.0
 30
0.0
  9
$UCSORGBACK
 10
0.0
 20
0.0
 30
0.0
  9
$PUCSBASE
  2

  9
$PUCSNAME
  2

  9
$PUCSORG
 10
0.0
 20
0.0
 30
0.0
  9
$PUCSXDIR
 10
1.0
 20
0.0
 30
0.0
  9
$PUCSYDIR
 10
0.0
 20
1.0
 30
0.0
  9
$PUCSORTHOREF
  2

  9
$PUCSORTHOVIEW
 70
0
  9
$PUCSORGTOP
 10
0.0
 20
0.0
 30
0.0
  9
$PUCSORGBOTTOM
 10
0.0
 20
0.0
 30
0.0
  9
$PUCSORGLEFT
 10
0.0
 20
0.0
 30
0.0
  9
$PUCSORGRIGHT
 10
0.0
 20
0.0
 30
0.0
  9
$PUCSORGFRONT
 10
0.0
 20
0.0
 30
0.0
  9
$PUCSORGBACK
 10
0.0
 20
0.0
 30
0.0
  9
$USERI1
 70
100
  9
$USERI2
 70
0
  9
$USERI3
 70
0
  9
$USERI4
 70
0
  9
$USERI5
 70
0
  9
$USERR1
 40
100.0
  9
$USERR2
 40
1000.0
  9
$USERR3
 40
100.0
  9
$USERR4
 40
0.0
  9
$USERR5
 40
0.0
  9
$WORLDVIEW
 70
1
  9
$SHADEDGE
 70
3
  9
$SHADEDIF
 70
70
  9
$TILEMODE
 70
1
  9
$MAXACTVP
 70
41
  9
$PINSBASE
 10
0.0
 20
0.0
 30
0.0
  9
$PLIMCHECK
 70
0
  9
$PEXTMIN
 10
28.8967315673828
 20
20.32000031471253
 30
0.0
  9
$PEXTMAX
 10
260.0705841064453
 20
182.8800028324127
 30
0.0
  9
$PLIMMIN
 10
-2.963348388671875
 20
-3.386666774749755
  9
$PLIMMAX
 10
294.0366516113281
 20
206.6133332252503
  9
$UNITMODE
 70
0
  9
$VISRETAIN
 70
0
  9
$PLINEGEN
 70
0
  9
$PSLTSCALE
 70
1
  9
$TREEDEPTH
 70
3020
  9
$CMLSTYLE
  2
STANDARD
  9
$CMLJUST
 70
0
  9
$CMLSCALE
 40
1.0
  9
$PROXYGRAPHICS
 70
1
  9
$MEASUREMENT
 70
1
  9
$CELWEIGHT
370
-1
  9
$ENDCAPS
280
0
  9
$JOINSTYLE
280
0
  9
$LWDISPLAY
290
0
  9
$INSUNITS
 70
0
  9
$HYPERLINKBASE
  1

  9
$STYLESHEET
  1

  9
$XEDIT
290
1
  9
$CEPSNTYPE
380
0
  9
$PSTYLEMODE
290
1
  9
$FINGERPRINTGUID
  2
{C29AB510-2A4A-47FC-9F48-AF3B1DA3D281}
  9
$VERSIONGUID
  2
{B4BBC5F9-A51D-406D-B131-B4048E6231F0}
  9
$EXTNAMES
290
1
  9
$PSVPSCALE
 40
0.0
  9
$OLESTARTUP
290
0
  9
$SORTENTS
280
127
  9
$INDEXCTL
280
0
  9
$HIDETEXT
280
0
  9
$XCLIPFRAME
280
2
  9
$HALOGAP
280
0
  9
$OBSCOLOR
 70
257
  9
$OBSLTYPE
280
0
  9
$INTERSECTIONDISPLAY
280
0
  9
$INTERSECTIONCOLOR
 70
257
  9
$DIMASSOC
280
2
  9
$PROJECTNAME
  1

  9
$CAMERADISPLAY
290
0
  9
$LENSLENGTH
 40
50.0
  9
$CAMERAHEIGHT
 40
0.0
  9
$STEPSPERSEC
 40
2.0
  9
$STEPSIZE
 40
6.0
  9
$3DDWFPREC
 40
2.0
  9
$PSOLWIDTH
 40
0.25
  9
$PSOLHEIGHT
 40
4.0
  9
$LOFTANG1
 40
1.570796326794896
  9
$LOFTANG2
 40
1.570796326794896
  9
$LOFTMAG1
 40
0.0
  9
$LOFTMAG2
 40
0.0
  9
$LOFTPARAM
 70
7
  9
$LOFTNORMALS
280
1
  9
$LATITUDE
 40
37.795
  9
$LONGITUDE
 40
-122.394
  9
$NORTHDIRECTION
 40
0.0
  9
$TIMEZONE
 70
-8000
  9
$LIGHTGLYPHDISPLAY
280
1
  9
$TILEMODELIGHTSYNCH
280
1
  9
$CMATERIAL
347
15C77
  9
$SOLIDHIST
280
1
  9
$SHOWHIST
280
1
  9
$DWFFRAME
280
2
  9
$DGNFRAME
280
0
  9
$REALWORLDSCALE
290
1
  9
$INTERFERECOLOR
 62
256
  9
$INTERFEREOBJVS
345
15C91
  9
$INTERFEREVPVS
346
15C8E
  9
$CSHADOW
280
0
  9
$SHADOWPLANELOCATION
 40
0.0
  0
ENDSEC
  0
SECTION
  2
CLASSES
  0
CLASS
  1
ACDBDICTIONARYWDFLT
  2
AcDbDictionaryWithDefault
  3
ObjectDBX Classes
 90
0
 91
1
280
0
281
0
  0
CLASS
  1
VLO-VL
  2
vlo_VL
  3
VL|AutoLISP based application
 90
129
 91
22
280
0
281
0
  0
CLASS
  1
DICTIONARYVAR
  2
AcDbDictionaryVar
  3
ObjectDBX Classes
 90
0
 91
19
280
0
281
0
  0
CLASS
  1
TABLESTYLE
  2
AcDbTableStyle
  3
ObjectDBX Classes
 90
4095
 91
1
280
0
281
0
  0
CLASS
  1
SORTENTSTABLE
  2
AcDbSortentsTable
  3
ObjectDBX Classes
 90
0
 91
2
280
0
281
0
  0
CLASS
  1
MATERIAL
  2
AcDbMaterial
  3
ObjectDBX Classes
 90
1153
 91
3
280
0
281
0
  0
CLASS
  1
ACAD_EVALUATION_GRAPH
  2
AcDbEvalGraph
  3
ObjectDBX Classes
 90
1153
 91
0
280
0
281
0
  0
CLASS
  1
ACAECUSTOBJ
  2
AcAeEditorObj
  3
AcAeEditorObj
 90
1024
 91
0
280
1
281
0
  0
CLASS
  1
ACDB_DYNAMICBLOCKPURGEPREVENTER_VERSION
  2
AcDbDynamicBlockPurgePreventer
  3
ObjectDBX Classes
 90
1153
 91
0
280
0
281
0
  0
CLASS
  1
DIMASSOC
  2
AcDbDimAssoc
  3
"AcDbDimAssoc|Product Desc:     AcDim ARX App For Dimension|Company:          Autodesk, Inc.|WEB Address:      www.autodesk.com"
 90
0
 91
0
280
0
281
0
  0
CLASS
  1
VISUALSTYLE
  2
AcDbVisualStyle
  3
ObjectDBX Classes
 90
4095
 91
25
280
0
281
0
  0
CLASS
  1
SCALE
  2
AcDbScale
  3
ObjectDBX Classes
 90
1153
 91
20
280
0
281
0
  0
CLASS
  1
MLEADERSTYLE
  2
AcDbMLeaderStyle
  3
ACDB_MLEADERSTYLE_CLASS
 90
4095
 91
1
280
0
281
0
  0
CLASS
  1
ACDBSECTIONVIEWSTYLE
  2
AcDbSectionViewStyle
  3
ObjectDBX Classes
 90
1025
 91
2
280
0
281
0
  0
CLASS
  1
ACDBDETAILVIEWSTYLE
  2
AcDbDetailViewStyle
  3
ObjectDBX Classes
 90
1025
 91
2
280
0
281
0
  0
CLASS
  1
EXACXREFPANELOBJECT
  2
ExAcXREFPanelObject
  3
EXAC_ESW
 90
1025
 91
0
280
1
281
0
  0
CLASS
  1
NPOCOLLECTION
  2
AcDbImpNonPersistentObjectsCollection
  3
ObjectDBX Classes
 90
1153
 91
0
280
1
281
0
  0
CLASS
  1
CELLSTYLEMAP
  2
AcDbCellStyleMap
  3
ObjectDBX Classes
 90
1152
 91
1
280
0
281
0
  0
CLASS
  1
SOLID_BACKGROUND
  2
AcDbSolidBackground
  3
SCENEOE
 90
4095
 91
0
280
0
281
0
  0
CLASS
  1
FIELD
  2
AcDbField
  3
ObjectDBX Classes
 90
1152
 91
0
280
0
281
0
  0
CLASS
  1
FIELDLIST
  2
AcDbFieldList
  3
ObjectDBX Classes
 90
1152
 91
1
280
0
281
0
  0
CLASS
  1
BLOCKVISIBILITYPARAMETER
  2
AcDbBlockVisibilityParameter
  3
ObjectDBX Classes
 90
1153
 91
0
280
0
281
0
  0
CLASS
  1
BLOCKVISIBILITYGRIP
  2
AcDbBlockVisibilityGrip
  3
ObjectDBX Classes
 90
1153
 91
0
280
0
281
0
  0
CLASS
  1
BLOCKGRIPLOCATIONCOMPONENT
  2
AcDbBlockGripExpr
  3
ObjectDBX Classes
 90
1153
 91
0
280
0
281
0
  0
CLASS
  1
BLOCKROTATIONPARAMETER
  2
AcDbBlockRotationParameter
  3
ObjectDBX Classes
 90
1153
 91
0
280
0
281
0
  0
CLASS
  1
BLOCKROTATIONGRIP
  2
AcDbBlockRotationGrip
  3
ObjectDBX Classes
 90
1153
 91
0
280
0
281
0
  0
CLASS
  1
BLOCKROTATEACTION
  2
AcDbBlockRotateAction
  3
ObjectDBX Classes
 90
1153
 91
0
280
0
281
0
  0
CLASS
  1
ACDB_BLOCKREPRESENTATION_DATA
  2
AcDbBlockRepresentationData
  3
ObjectDBX Classes
 90
1153
 91
0
280
0
281
0
  0
CLASS
  1
DBCOLOR
  2
AcDbColor
  3
ObjectDBX Classes
 90
0
 91
6
280
0
281
0
  0
CLASS
  1
RAPIDRTRENDERSETTINGS
  2
AcDbRapidRTRenderSettings
  3
ObjectDBX Classes
 90
1024
 91
1
280
0
281
0
  0
CLASS
  1
MENTALRAYRENDERSETTINGS
  2
AcDbMentalRayRenderSettings
  3
SCENEOE
 90
1024
 91
1
280
0
281
0
  0
CLASS
  1
SUN
  2
AcDbSun
  3
SCENEOE
 90
1153
 91
1
280
0
281
0
  0
CLASS
  1
MULTILEADER
  2
AcDbMLeader
  3
ACDB_MLEADER_CLASS
 90
1025
 91
1
280
0
281
1
  0
CLASS
  1
ACDBASSOCNETWORK
  2
AcDbAssocNetwork
  3
ObjectDBX Classes
 90
1025
 91
0
280
0
281
0
  0
CLASS
  1
ACDBASSOCVARIABLE
  2
AcDbAssocVariable
  3
ObjectDBX Classes
 90
1025
 91
0
280
0
281
0
  0
CLASS
  1
BLOCKUSERPARAMETER
  2
AcDbBlockUserParameter
  3
ObjectDBX Classes
 90
1153
 91
0
280
0
281
0
  0
CLASS
  1
ACDB_DYNAMICBLOCKPROXYNODE
  2
AcDbDynamicBlockProxyNode
  3
ObjectDBX Classes
 90
1153
 91
0
280
0
281
0
  0
CLASS
  1
BLOCKFLIPPARAMETER
  2
AcDbBlockFlipParameter
  3
ObjectDBX Classes
 90
1153
 91
0
280
0
281
0
  0
CLASS
  1
BLOCKFLIPGRIP
  2
AcDbBlockFlipGrip
  3
ObjectDBX Classes
 90
1153
 91
0
280
0
281
0
  0
CLASS
  1
BLOCKFLIPACTION
  2
AcDbBlockFlipAction
  3
ObjectDBX Classes
 90
1153
 91
0
280
0
281
0
  0
CLASS
  1
BLOCKLINEARPARAMETER
  2
AcDbBlockLinearParameter
  3
ObjectDBX Classes
 90
1153
 91
0
280
0
281
0
  0
CLASS
  1
BLOCKLINEARGRIP
  2
AcDbBlockLinearGrip
  3
ObjectDBX Classes
 90
1153
 91
0
280
0
281
0
  0
CLASS
  1
BLOCKSTRETCHACTION
  2
AcDbBlockStretchAction
  3
ObjectDBX Classes
 90
1153
 91
0
280
0
281
0
  0
CLASS
  1
BLOCKMOVEACTION
  2
AcDbBlockMoveAction
  3
ObjectDBX Classes
 90
1153
 91
0
280
0
281
0
  0
CLASS
  1
BLOCKBASEPOINTPARAMETER
  2
AcDbBlockBasepointParameter
  3
ObjectDBX Classes
 90
1153
 91
0
280
0
281
0
  0
CLASS
  1
BLOCKSCALEACTION
  2
AcDbBlockScaleAction
  3
ObjectDBX Classes
 90
1153
 91
0
280
0
281
0
  0
CLASS
  1
AEC_REFEDIT_STATUS_TRACKER
  2
AecDbRefEditStatusTracker
  3
AecArchBase80|Product Desc: Autodesk Architectural Desktop 2007 |Company: Autodesk,Inc. |WEB Address: www.autodesk.com
 90
129
 91
0
280
0
281
0
  0
CLASS
  1
BLOCKPROPERTIESTABLE
  2
AcDbBlockPropertiesTable
  3
ObjectDBX Classes
 90
1153
 91
0
280
0
281
0
  0
CLASS
  1
BLOCKPROPERTIESTABLEGRIP
  2
AcDbBlockPropertiesTableGrip
  3
ObjectDBX Classes
 90
1153
 91
0
280
0
281
0
  0
CLASS
  1
BLOCKPOINTPARAMETER
  2
AcDbBlockPointParameter
  3
ObjectDBX Classes
 90
1153
 91
0
280
0
281
0
  0
CLASS
  1
BLOCKXYGRIP
  2
AcDbBlockXYGrip
  3
ObjectDBX Classes
 90
1153
 91
0
280
0
281
0
  0
CLASS
  1
ACDBASSOCACTION
  2
AcDbAssocAction
  3
ObjectDBX Classes
 90
1025
 91
0
280
0
281
0
  0
CLASS
  1
ACDBASSOCROTATEDDIMACTIONBODY
  2
AcDbAssocRotatedDimActionBody
  3
ObjectDBX Classes
 90
1025
 91
0
280
0
281
0
  0
CLASS
  1
ACDBASSOCOSNAPPOINTREFACTIONPARAM
  2
AcDbAssocOsnapPointRefActionParam
  3
ObjectDBX Classes
 90
1025
 91
0
280
0
281
0
  0
CLASS
  1
ACDBASSOCVERTEXACTIONPARAM
  2
AcDbAssocVertexActionParam
  3
ObjectDBX Classes
 90
1025
 91
0
280
0
281
0
  0
CLASS
  1
ACDBASSOCGEOMDEPENDENCY
  2
AcDbAssocGeomDependency
  3
ObjectDBX Classes
 90
1025
 91
0
280
0
281
0
  0
CLASS
  1
ACDBASSOCDEPENDENCY
  2
AcDbAssocDependency
  3
ObjectDBX Classes
 90
1025
 91
0
280
0
281
0
  0
CLASS
  1
ACDBASSOCEDGEACTIONPARAM
  2
AcDbAssocEdgeActionParam
  3
ObjectDBX Classes
 90
1025
 91
0
280
0
281
0
  0
CLASS
  1
RASTERVARIABLES
  2
AcDbRasterVariables
  3
ISM
 90
0
 91
0
280
0
281
0
  0
CLASS
  1
ACDBPLACEHOLDER
  2
AcDbPlaceHolder
  3
ObjectDBX Classes
 90
0
 91
0
280
0
281
0
  0
CLASS
  1
LAYOUT
  2
AcDbLayout
  3
ObjectDBX Classes
 90
0
 91
0
280
0
281
0
  0
ENDSEC
  0
SECTION
  2
TABLES
  0
TABLE
  2
VPORT
  5
15
102
{ACAD_XDICTIONARY
360
289C91
102
}
330
0
100
AcDbSymbolTable
 70
1
  0
VPORT
  5
15AC8
330
15
100
AcDbSymbolTableRecord
100
AcDbViewportTableRecord
  2
*Active
 70
0
 10
0.0
 20
0.0
 11
1.0
 21
1.0
 12
1642.009426760402
 22
211.5475313655493
 13
85.19999999999997
 23
-133.65
 14
0.05
 24
0.05
 15
10.0
 25
10.0
 16
0.0
 26
0.0
 36
1.0
 17
670.0704106380246
 27
30.07714155056112
 37
0.0
 40
4669.361902571404
 41
1.993197278911564
 42
50.0
 43
0.0
 44
0.0
 50
0.0
 51
0.0
 71
0
 72
1000
 73
1
 74
3
 75
0
 76
1
 77
0
 78
0
281
0
 65
1
110
0.0
120
0.0
130
0.0
111
1.0
121
0.0
131
0.0
112
0.0
122
1.0
132
0.0
 79
0
146
0.0
 60
3
 61
5
348
15C8D
292
1
282
1
141
0.0
142
0.0
 63
250
421
3355443
1001
ACAD_NAV_VCDISPLAY
1070
3
  0
ENDTAB
  0
TABLE
  2
LTYPE
  5
10
330
0
100
AcDbSymbolTable
 70
4
  0
LTYPE
  5
11
330
10
100
AcDbSymbolTableRecord
100
AcDbLinetypeTableRecord
  2
BYBLOCK
 70
0
  3

 72
65
 73
0
 40
0.0
  0
LTYPE
  5
12
330
10
100
AcDbSymbolTableRecord
100
AcDbLinetypeTableRecord
  2
BYLAYER
 70
0
  3

 72
65
 73
0
 40
0.0
  0
LTYPE
  5
5
330
10
100
AcDbSymbolTableRecord
100
AcDbLinetypeTableRecord
  2
CONTINUOUS
 70
0
  3
Solid line
 72
65
 73
0
 40
0.0
  0
LTYPE
  5
297BFC
330
10
100
AcDbSymbolTableRecord
100
AcDbLinetypeTableRecord
  2
CONTINU
 70
0
  3

 72
65
 73
0
 40
0.0
  0
ENDTAB
  0
TABLE
  2
LAYER
  5
D
102
{ACAD_XDICTIONARY
360
1F1E
102
}
330
0
100
AcDbSymbolTable
 70
7
  0
LAYER
  5
4
102
{ACAD_XDICTIONARY
360
15CD7
102
}
330
D
100
AcDbSymbolTableRecord
100
AcDbLayerTableRecord
  2
0
 70
0
 62
7
  6
CONTINUOUS
370
-3
390
138
347
2123
348
0
1001
RAK
1000
{ACET-LAYISO
1070
0
1070
7
1000
CONTINUOUS
1071
-3
1071
1
1005
138
1000
ACET-LAYISO}
  0
LAYER
  5
35
330
D
100
AcDbSymbolTableRecord
100
AcDbLayerTableRecord
  2
DEFPOINTS
 70
0
 62
7
  6
CONTINUOUS
290
0
370
-3
390
138
347
2123
348
0
1001
RAK
1000
{ACET-LAYISO
1070
0
1070
7
1000
CONTINUOUS
1071
-3
1071
0
1005
138
1000
ACET-LAYISO}
  0
LAYER
  5
35D17
102
{ACAD_XDICTIONARY
360
35D18
102
}
330
D
100
AcDbSymbolTableRecord
100
AcDbLayerTableRecord
  2
ARQ-X07
 70
0
 62
7
  6
CONTINUOUS
370
-3
390
138
347
2123
348
0
  0
LAYER
  5
35D23
102
{ACAD_XDICTIONARY
360
35D24
102
}
330
D
100
AcDbSymbolTableRecord
100
AcDbLayerTableRecord
  2
GRF-TXT2
 70
0
 62
2
  6
CONTINUOUS
370
-3
390
138
347
2123
348
0
  0
LAYER
  5
35D2C
102
{ACAD_XDICTIONARY
360
35D2D
102
}
330
D
100
AcDbSymbolTableRecord
100
AcDbLayerTableRecord
  2
GRF-HTC
 70
0
 62
253
  6
CONTINUOUS
370
-3
390
138
347
2123
348
0
  0
LAYER
  5
35DAB
102
{ACAD_XDICTIONARY
360
35DAC
102
}
330
D
100
AcDbSymbolTableRecord
100
AcDbLayerTableRecord
  2
EST-VIG
 70
0
 62
7
  6
CONTINUOUS
370
-3
390
138
347
2123
348
0
1001
AcAecLayerStandard
1000

1000

1001
AcCmTransparency
1071
0
  0
LAYER
  5
4E7B86
330
D
100
AcDbSymbolTableRecord
100
AcDbLayerTableRecord
  2
ARQ-CONSTRUIR
 70
0
 62
10
  6
CONTINUOUS
370
-3
390
138
347
2123
348
0
1001
AcAecLayerStandard
1000

1000

1001
AcCmTransparency
1071
0
  0
ENDTAB
  0
TABLE
  2
STYLE
  5
E
330
0
100
AcDbSymbolTable
 70
5
  0
STYLE
  5
F
330
E
100
AcDbSymbolTableRecord
100
AcDbTextStyleTableRecord
  2
STANDARD
 70
0
 40
0.0
 41
1.0
 50
0.0
 71
0
 42
0.2
  3
simplex.shx
  4

  0
STYLE
  5
81
330
E
100
AcDbSymbolTableRecord
100
AcDbTextStyleTableRecord
  2
BB
 70
0
 40
0.0
 41
1.0
 50
0.0
 71
0
 42
0.2
  3
simplex.shx
  4

  0
STYLE
  5
1F14
330
E
100
AcDbSymbolTableRecord
100
AcDbTextStyleTableRecord
  2
RSA02
 70
0
 40
0.1
 41
1.0
 50
0.0
 71
0
 42
0.1
  3
romans
  4
ACEN.SHX
  0
STYLE
  5
6388
330
E
100
AcDbSymbolTableRecord
100
AcDbTextStyleTableRecord
  2
T1
 70
0
 40
0.1
 41
1.0
 50
0.0
 71
0
 42
0.1
  3
romans.shx
  4
ACEN.shx
  0
STYLE
  5
29D7C0
330
E
100
AcDbSymbolTableRecord
100
AcDbTextStyleTableRecord
  2
ARIAL COTA 50
 70
0
 40
0.09
 41
1.0
 50
0.0
 71
0
 42
2.5
  3
arial.ttf
  4

1001
ACAD
1000
Arial
1071
34
  0
ENDTAB
  0
TABLE
  2
VIEW
  5
13
330
0
100
AcDbSymbolTable
 70
0
  0
ENDTAB
  0
TABLE
  2
UCS
  5
14
330
0
100
AcDbSymbolTable
 70
0
  0
ENDTAB
  0
TABLE
  2
APPID
  5
17
330
0
100
AcDbSymbolTable
 70
53
  0
APPID
  5
A
330
17
100
AcDbSymbolTableRecord
100
AcDbRegAppTableRecord
  2
ACAD
 70
0
  0
APPID
  5
8B
330
17
100
AcDbSymbolTableRecord
100
AcDbRegAppTableRecord
  2
ARQUIVO
 70
0
  0
APPID
  5
1E0A
330
17
100
AcDbSymbolTableRecord
100
AcDbRegAppTableRecord
  2
ACAD_DSTYLE_DIMTEXT_FILL
 70
0
  0
APPID
  5
1E0B
330
17
100
AcDbSymbolTableRecord
100
AcDbRegAppTableRecord
  2
ACAD_DSTYLE_DIMEXT_LENGTH
 70
0
  0
APPID
  5
1E0C
330
17
100
AcDbSymbolTableRecord
100
AcDbRegAppTableRecord
  2
ACAD_DSTYLE_DIMEXT_ENABLED
 70
0
  0
APPID
  5
1E0D
330
17
100
AcDbSymbolTableRecord
100
AcDbRegAppTableRecord
  2
ACAD_DSTYLE_DIM_LINETYPE
 70
0
  0
APPID
  5
1E0E
330
17
100
AcDbSymbolTableRecord
100
AcDbRegAppTableRecord
  2
ACAD_DSTYLE_DIM_EXT1_LINETYPE
 70
0
  0
APPID
  5
1E0F
330
17
100
AcDbSymbolTableRecord
100
AcDbRegAppTableRecord
  2
ACAD_DSTYLE_DIM_EXT2_LINETYPE
 70
0
  0
APPID
  5
1F18
330
17
100
AcDbSymbolTableRecord
100
AcDbRegAppTableRecord
  2
ACAD_PSEXT
 70
0
  0
APPID
  5
1F19
330
17
100
AcDbSymbolTableRecord
100
AcDbRegAppTableRecord
  2
RAK
 70
0
  0
APPID
  5
1F1A
330
17
100
AcDbSymbolTableRecord
100
AcDbRegAppTableRecord
  2
ACAD_DSTYLE_DIMJOGGED_JOGANGLE_SYMBOL
 70
0
  0
APPID
  5
1F1B
330
17
100
AcDbSymbolTableRecord
100
AcDbRegAppTableRecord
  2
ACAD_DSTYLE_DIMARC_LENGTH_SYMBOL
 70
0
  0
APPID
  5
1F1C
330
17
100
AcDbSymbolTableRecord
100
AcDbRegAppTableRecord
  2
AcDbBlockRepETag
 70
0
  0
APPID
  5
1F1D
330
17
100
AcDbSymbolTableRecord
100
AcDbRegAppTableRecord
  2
AcDbDynamicBlockGUID
 70
0
  0
APPID
  5
1F57
330
17
100
AcDbSymbolTableRecord
100
AcDbRegAppTableRecord
  2
ACAD_EXEMPT_FROM_CAD_STANDARDS
 70
0
  0
APPID
  5
2122
330
17
100
AcDbSymbolTableRecord
100
AcDbRegAppTableRecord
  2
AcAecLayerStandard
 70
0
  0
APPID
  5
242B
330
17
100
AcDbSymbolTableRecord
100
AcDbRegAppTableRecord
  2
AcLayerTools
 70
0
  0
APPID
  5
520B
330
17
100
AcDbSymbolTableRecord
100
AcDbRegAppTableRecord
  2
ACAUTHENVIRON
 70
0
  0
APPID
  5
520E
330
17
100
AcDbSymbolTableRecord
100
AcDbRegAppTableRecord
  2
AcDbDynamicBlockTrueName
 70
0
  0
APPID
  5
5768
330
17
100
AcDbSymbolTableRecord
100
AcDbRegAppTableRecord
  2
AcDbAttr
 70
0
  0
APPID
  5
15D8C
330
17
100
AcDbSymbolTableRecord
100
AcDbRegAppTableRecord
  2
ACAD_MLEADERVER
 70
0
  0
APPID
  5
15DA4
330
17
100
AcDbSymbolTableRecord
100
AcDbRegAppTableRecord
  2
ACAD_NAV_VCDISPLAY
 70
0
  0
APPID
  5
17092
330
17
100
AcDbSymbolTableRecord
100
AcDbRegAppTableRecord
  2
AcCmTransparency
 70
0
  0
APPID
  5
17093
330
17
100
AcDbSymbolTableRecord
100
AcDbRegAppTableRecord
  2
GradientColor1ACI
 70
0
  0
APPID
  5
17094
330
17
100
AcDbSymbolTableRecord
100
AcDbRegAppTableRecord
  2
GradientColor2ACI
 70
0
  0
APPID
  5
1AD05
330
17
100
AcDbSymbolTableRecord
100
AcDbRegAppTableRecord
  2
AEC_XDATA_BOUND_SPACE
 70
0
  0
APPID
  5
1E7E7
330
17
100
AcDbSymbolTableRecord
100
AcDbRegAppTableRecord
  2
ACAD_OBJECT_CHANGE_GUID
 70
0
  0
APPID
  5
1E971
330
17
100
AcDbSymbolTableRecord
100
AcDbRegAppTableRecord
  2
ACAD_DSTYLE_DIMJAG
 70
0
  0
APPID
  5
1E972
330
17
100
AcDbSymbolTableRecord
100
AcDbRegAppTableRecord
  2
ACAD_DSTYLE_DIMTALN
 70
0
  0
APPID
  5
1EFD2
330
17
100
AcDbSymbolTableRecord
100
AcDbRegAppTableRecord
  2
REVIT
 70
0
  0
APPID
  5
1EFD3
330
17
100
AcDbSymbolTableRecord
100
AcDbRegAppTableRecord
  2
HATCHBACKGROUNDCOLOR
 70
0
  0
APPID
  5
1F57C
330
17
100
AcDbSymbolTableRecord
100
AcDbRegAppTableRecord
  2
AcDbBlockRepBTag
 70
0
  0
APPID
  5
35DC7
330
17
100
AcDbSymbolTableRecord
100
AcDbRegAppTableRecord
  2
ACAD_DSTYLE_DIMBREAK
 70
0
  0
APPID
  5
3931D
330
17
100
AcDbSymbolTableRecord
100
AcDbRegAppTableRecord
  2
AUDIT_D_110928180337-2
 70
0
  0
APPID
  5
393D2
330
17
100
AcDbSymbolTableRecord
100
AcDbRegAppTableRecord
  2
AcadAnnotative
 70
0
  0
APPID
  5
39ECA
330
17
100
AcDbSymbolTableRecord
100
AcDbRegAppTableRecord
  2
PLOTTRANSPARENCY
 70
0
  0
APPID
  5
77081
330
17
100
AcDbSymbolTableRecord
100
AcDbRegAppTableRecord
  2
AcadAnnoPO
 70
0
  0
APPID
  5
77082
330
17
100
AcDbSymbolTableRecord
100
AcDbRegAppTableRecord
  2
AUTOLIB_ENTITY_TYPE_1
 70
0
  0
APPID
  5
77083
330
17
100
AcDbSymbolTableRecord
100
AcDbRegAppTableRecord
  2
AcDbDynamicBlockTrueName2
 70
0
  0
APPID
  5
77084
330
17
100
AcDbSymbolTableRecord
100
AcDbRegAppTableRecord
  2
AcXRefLayerPropertyOverride
 70
0
  0
APPID
  5
77085
330
17
100
AcDbSymbolTableRecord
100
AcDbRegAppTableRecord
  2
RevcloudProps
 70
0
  0
APPID
  5
77086
330
17
100
AcDbSymbolTableRecord
100
AcDbRegAppTableRecord
  2
GENIUS_GENODEF_13
 70
0
  0
APPID
  5
77087
330
17
100
AcDbSymbolTableRecord
100
AcDbRegAppTableRecord
  2
GENIUS_GENOBJ-N-FIL_13
 70
0
  0
APPID
  5
77088
330
17
100
AcDbSymbolTableRecord
100
AcDbRegAppTableRecord
  2
GENIUS_GENFIL_13
 70
0
  0
APPID
  5
77089
330
17
100
AcDbSymbolTableRecord
100
AcDbRegAppTableRecord
  2
GENIUS_GENOBJ-N-CHA_13
 70
0
  0
APPID
  5
7BC16
330
17
100
AcDbSymbolTableRecord
100
AcDbRegAppTableRecord
  2
PORTA
 70
0
  0
APPID
  5
81562
330
17
100
AcDbSymbolTableRecord
100
AcDbRegAppTableRecord
  2
Acad_TC
 70
0
  0
APPID
  5
27DAE9
330
17
100
AcDbSymbolTableRecord
100
AcDbRegAppTableRecord
  2
ACAD_DSTYLE_DIMRADIAL_EXTENSION
 70
0
  0
APPID
  5
297C3B
330
17
100
AcDbSymbolTableRecord
100
AcDbRegAppTableRecord
  2
AcDbBlockArrayActionTag
 70
0
  0
APPID
  5
29D6B8
330
17
100
AcDbSymbolTableRecord
100
AcDbRegAppTableRecord
  2
DCO15
 70
0
  0
APPID
  5
2A136D
330
17
100
AcDbSymbolTableRecord
100
AcDbRegAppTableRecord
  2
AcadBPTGraphNodeId
 70
0
  0
APPID
  5
2A4C90
330
17
100
AcDbSymbolTableRecord
100
AcDbRegAppTableRecord
  2
AcadAnnoMonitorAlertIconDisabled
 70
0
  0
APPID
  5
4ECF7B
330
17
100
AcDbSymbolTableRecord
100
AcDbRegAppTableRecord
  2
EZDXF
 70
0
  0
ENDTAB
  0
TABLE
  2
DIMSTYLE
  5
18
330
0
100
AcDbSymbolTable
 70
2
100
AcDbDimStyleTable
  0
DIMSTYLE
105
29D7C3
330
18
100
AcDbSymbolTableRecord
100
AcDbDimStyleTableRecord
  2
COTA 50
 70
0
 40
1.0
 41
0.03
 42
0.04
 43
0.04
 44
0.04
 45
0.0
 46
0.18
 47
0.0
 48
0.0
 49
2.5
140
0.17
141
2.5
142
0.0
143
0.03937007874
144
1.0
145
0.0
146
1.0
147
0.04
148
0.0
 69
0
 70
0
 71
0
 72
0
 73
0
 74
0
 75
0
 76
0
 77
1
 78
4
 79
3
170
0
171
3
172
1
173
0
174
1
175
0
176
256
177
256
178
2
179
2
271
2
272
2
273
2
274
3
275
0
276
0
277
2
278
44
279
2
280
0
281
0
282
0
283
0
284
8
285
0
286
0
288
0
289
3
290
0
340
29D7C0
341
D03
342
D03
371
-2
372
-2
  0
DIMSTYLE
105
4E377B
330
18
100
AcDbSymbolTableRecord
100
AcDbDimStyleTableRecord
  2
Standard
 70
0
 40
1.0
 41
2.5
 42
0.625
 43
3.75
 44
1.25
 45
0.0
 46
0.0
 47
0.0
 48
0.0
 49
2.5
140
2.5
141
2.5
142
0.0
143
0.03937007874
144
1.0
145
0.0
146
1.0
147
0.625
148
0.0
 69
0
 70
0
 71
0
 72
0
 73
0
 74
0
 75
0
 76
0
 77
1
 78
8
 79
3
170
0
171
3
172
1
173
0
174
0
175
0
176
0
177
0
178
0
179
2
271
2
272
2
273
2
274
3
275
0
276
0
277
2
278
44
279
0
280
0
281
0
282
0
283
0
284
8
285
0
286
0
288
0
289
3
290
0
340
F
371
-2
372
-2
  0
ENDTAB
  0
TABLE
  2
BLOCK_RECORD
  5
1
330
0
100
AcDbSymbolTable
 70
5
  0
BLOCK_RECORD
  5
2
102
{ACAD_XDICTIONARY
360
1E06
102
}
330
1
100
AcDbSymbolTableRecord
100
AcDbBlockTableRecord
  2
*MODEL_SPACE
340
13B
 70
0
280
1
281
0
  0
BLOCK_RECORD
  5
4ECF32
330
1
100
AcDbSymbolTableRecord
100
AcDbBlockTableRecord
  2
*Paper_Space
340
4ECF33
 70
0
280
1
281
0
  0
BLOCK_RECORD
  5
8C
330
1
100
AcDbSymbolTableRecord
100
AcDbBlockTableRecord
  2
MATRIZBB
340
0
 70
0
280
1
281
0
  0
BLOCK_RECORD
  5
D03
330
1
100
AcDbSymbolTableRecord
100
AcDbBlockTableRecord
  2
_DOT
340
0
 70
0
280
1
281
0
  0
BLOCK_RECORD
  5
2AB072
102
{ACAD_XDICTIONARY
360
2AB073
102
}
330
1
100
AcDbSymbolTableRecord
100
AcDbBlockTableRecord
  2
DOT
340
0
 70
0
280
1
281
0
  0
ENDTAB
  0
ENDSEC
  0
SECTION
  2
BLOCKS
  0
BLOCK
  5
3
330
2
100
AcDbEntity
  8
0
100
AcDbBlockBegin
  2
*MODEL_SPACE
 70
0
 10
0.0
 20
0.0
 30
0.0
  3
*MODEL_SPACE
  1

  0
ENDBLK
  5
6
330
2
100
AcDbEntity
  8
0
100
AcDbBlockEnd
  0
BLOCK
  5
4ECF34
330
4ECF32
100
AcDbEntity
 67
1
  8
0
100
AcDbBlockBegin
  2
*Paper_Space
 70
0
 10
0.0
 20
0.0
 30
0.0
  3
*Paper_Space
  1

  0
ENDBLK
  5
4ECF35
330
4ECF32
100
AcDbEntity
 67
1
  8
0
100
AcDbBlockEnd
  0
BLOCK
  5
8D
330
8C
100
AcDbEntity
  8
0
100
AcDbBlockBegin
  2
MATRIZBB
 70
0
 10
0.0
 20
0.0
 30
0.0
  3
MATRIZBB
  1

  0
ENDBLK
  5
8E
330
8C
100
AcDbEntity
  8
0
100
AcDbBlockEnd
  0
BLOCK
  5
D04
330
D03
100
AcDbEntity
  8
0
100
AcDbBlockBegin
  2
_DOT
 70
0
 10
0.0
 20
0.0
 30
0.0
  3
_DOT
  1

  0
LWPOLYLINE
  5
D05
330
D03
100
AcDbEntity
  8
0
  6
ByBlock
 62
0
100
AcDbPolyline
 90
2
 70
1
 43
0.5
 10
-0.25
 20
0.0
 42
1.0
 10
0.25
 20
0.0
 42
1.0
  0
LINE
  5
D06
330
D03
100
AcDbEntity
  8
0
  6
ByBlock
 62
0
100
AcDbLine
 10
-0.5
 20
0.0
 30
0.0
 11
-1.0
 21
0.0
 31
0.0
  0
ENDBLK
  5
D07
330
D03
100
AcDbEntity
  8
0
100
AcDbBlockEnd
  0
BLOCK
  5
2AB075
330
2AB072
100
AcDbEntity
  8
0
100
AcDbBlockBegin
  2
DOT
 70
0
 10
0.0
 20
0.0
 30
0.0
  3
DOT
  1

  0
LWPOLYLINE
  5
2AB076
330
2AB072
100
AcDbEntity
  8
0
  6
ByBlock
 62
0
100
AcDbPolyline
 90
2
 70
1
 43
0.5
 10
-0.25
 20
0.0
 42
1.0
 10
0.25
 20
0.0
 42
1.0
  0
LINE
  5
2AB077
330
2AB072
100
AcDbEntity
  8
0
  6
ByBlock
 62
0
100
AcDbLine
 10
-0.5
 20
0.0
 30
0.0
 11
-1.0
 21
0.0
 31
0.0
  0
ENDBLK
  5
2AB078
330
2AB072
100
AcDbEntity
  8
0
100
AcDbBlockEnd
  0
ENDSEC
  0
SECTION
  2
ENTITIES
  0
INSERT
  5
93
330
2
100
AcDbEntity
  8
ARQ-X07
100
AcDbBlockReference
  2
MATRIZBB
 10
0.0
 20
0.0
 30
0.0
  0
TEXT
  5
411C6
330
2
100
AcDbEntity
  8
GRF-TXT2
100
AcDbText
 10
726.981073105768
 20
70.30106291053008
 30
7.6475897e-09
 40
0.1
  1
 FORRO GESSO
  7
RSA02
100
AcDbText
  0
TEXT
  5
411C7
330
2
100
AcDbEntity
  8
GRF-TXT2
100
AcDbText
 10
733.3614045846105
 20
70.40770681511665
 30
7.6475897e-09
 40
0.1
  1
MODULAR
  7
RSA02
100
AcDbText
  0
TEXT
  5
411C8
330
2
100
AcDbEntity
  8
GRF-TXT2
100
AcDbText
 10
734.3910731057678
 20
70.32106291053006
 30
7.6475897e-09
 40
0.1
  1
 FORRO GESSO
  7
RSA02
100
AcDbText
  0
MTEXT
  5
411D0
102
{ACAD_XDICTIONARY
360
411D1
102
}
330
2
100
AcDbEntity
  8
GRF-TXT2
100
AcDbMText
 10
729.3857427720048
 20
65.09573359484337
 30
7.6475897e-09
 40
0.15
 41
1.58
 46
0.0
 71
5
 72
5
  1
{\H0.75x;\C2;PLATAFORMA DE ATENDIMENTO}
  7
T1
1001
AcadAnnotative
1000
AnnotativeData
1002
{
1070
1
1070
0
1002
}
  0
MTEXT
  5
411D4
102
{ACAD_XDICTIONARY
360
411D5
102
}
330
2
100
AcDbEntity
  8
GRF-TXT2
100
AcDbMText
 10
734.9268205331688
 20
64.97573359484336
 30
7.6475897e-09
 40
0.15
 41
1.58
 46
0.0
 71
5
 72
5
  1
{\H0.75x;\C2;HALL DE PÚBLICO}
  7
T1
1001
AcadAnnotative
1000
AnnotativeData
1002
{
1070
1
1070
0
1002
}
  0
MTEXT
  5
41242
102
{ACAD_XDICTIONARY
360
41243
102
}
330
2
100
AcDbEntity
  8
GRF-TXT2
100
AcDbMText
 10
729.401360971507
 20
67.90575007152914
 30
7.6475897e-09
 40
0.15
 41
1.58
 46
0.0
 71
5
 72
5
  1
{\H0.75x;\C2;SUPORTE}
  7
T1
1001
AcadAnnotative
1000
AnnotativeData
1002
{
1070
1
1070
0
1002
}
  0
MTEXT
  5
41246
102
{ACAD_XDICTIONARY
360
41247
102
}
330
2
100
AcDbEntity
  8
GRF-TXT2
100
AcDbMText
 10
733.5760518265628
 20
67.84950007152914
 30
7.6475897e-09
 40
0.15
 41
1.58
 46
0.0
 71
5
 72
5
  1
{\H0.75x;\C2;CIRC.}
  7
T1
1001
AcadAnnotative
1000
AnnotativeData
1002
{
1070
1
1070
0
1002
}
  0
MTEXT
  5
4124A
102
{ACAD_XDICTIONARY
360
4124B
102
}
330
2
100
AcDbEntity
  8
GRF-TXT2
100
AcDbMText
 10
735.6069575108805
 20
67.90575007152914
 30
7.6475897e-09
 40
0.15
 41
1.58
 46
0.0
 71
5
 72
5
  1
{\H0.75x;\C2;WC FEM.}
  7
T1
1001
AcadAnnotative
1000
AnnotativeData
1002
{
1070
1
1070
0
1002
}
  0
TEXT
  5
41258
330
2
100
AcDbEntity
  8
GRF-TXT2
100
AcDbText
 10
733.3857769196837
 20
69.86630330193165
 30
7.6475897e-09
 40
0.1
  1
VIGA
  7
RSA02
100
AcDbText
  0
TEXT
  5
41259
330
2
100
AcDbEntity
  8
GRF-TXT2
100
AcDbText
 10
727.0772265651218
 20
67.13628682524589
 30
7.6475897e-09
 40
0.1
  1
VIGA
  7
RSA02
100
AcDbText
  0
TEXT
  5
4125A
330
2
100
AcDbEntity
  8
GRF-TXT2
100
AcDbText
 10
726.9593364385086
 20
67.4030320638062
 30
7.6475897e-09
 40
0.1
  1
 FORRO GESSO
  7
RSA02
100
AcDbText
  0
TEXT
  5
2899BD
330
2
100
AcDbEntity
  8
GRF-TXT2
100
AcDbText
 10
726.5869034788193
 20
71.00570823641655
 30
7.6475897e-09
 40
0.1
  1
calha
  7
RSA02
100
AcDbText
  0
TEXT
  5
2899BF
330
2
100
AcDbEntity
  8
GRF-TXT2
100
AcDbText
 10
737.565284320285
 20
71.06134600433242
 30
7.6475897e-09
 40
0.1
  1
calha
  7
RSA02
100
AcDbText
  0
TEXT
  5
4E2D57
330
2
100
AcDbEntity
  8
GRF-TXT2
100
AcDbText
 10
725.7353442486076
 20
-82.19385708590428
 30
0.0
 40
0.1
  1
calha
  7
RSA02
100
AcDbText
  0
TEXT
  5
4E2D58
330
2
100
AcDbEntity
  8
GRF-TXT2
100
AcDbText
 10
736.7137250900734
 20
-82.13821931798839
 30
0.0
 40
0.1
  1
calha
  7
RSA02
100
AcDbText
  0
MULTILEADER
  5
4E3F2F
330
2
100
AcDbEntity
  8
GRF-TXT2
160
272
310
10010000050000000C00000016000000000000C00C00000033000000000000000C00000013000000993A00000C00000016000000020000C3D800000026000000FE6CF3302DEB86401D1DC223A83355C07B97E8837CFE3B3E00000000000000000000000000000000000000000000F03F000000000000F03F00000000000000
310
00000000000000000053004100490041000000750004000000010000007B14AE47E17AA43F000000000000F03F0000000000000000000000000000F03F0000000000000000000000000000000000000000000000000000000001000000000000000000730072006F006D0061006E0073002E00730068007800000065006100
310
630065006E002E0073006800780000000000
100
AcDbMLeader
270
2
300
CONTEXT_DATA{
 40
1.0
 10
733.3777803083619
 20
-84.78713743168277
 30
6.5178814e-09
 41
0.04
140
0.025
145
0.025
174
1
175
1
176
2
177
0
290
1
304
{\C2;SAIA}
 11
0.0
 21
0.0
 31
1.0
340
6388
 12
733.5170660226476
 22
-84.76713743168276
 32
6.5178814e-09
 13
1.0
 23
0.0
 33
0.0
 42
0.0
 43
0.0
 44
0.0
 45
1.0
170
1
 90
-1073741824
171
3
172
5
 91
-1023410167
141
1.5
 92
0
291
1
292
0
173
0
293
0
142
0.0
143
0.0
294
0
295
0
296
0
110
733.9858051716792
120
-83.5514124645933
130
6.5178814e-09
111
1.0
121
0.0
131
0.0
112
0.0
122
1.0
132
0.0
297
0
302
LEADER{
290
1
291
1
 10
733.6285675402241
 20
-84.78713743168277
 30
6.5178814e-09
 11
-1.0
 21
0.0
 31
0.0
 90
0
 40
0.086501517576437
304
LEADER_LINE{
 10
733.8217770190886
 20
-85.24493260496178
 30
6.5178814e-09
 91
0
 92
-1056964608
305
}
271
0
303
}
272
9
273
9
301
}
340
15CB3
 90
84369313
170
0
 91
-1056964608
341
11
171
-2
290
1
291
1
 41
0.5
342
D03
 42
0.05
172
2
343
6388
173
1
 95
1
174
1
175
2
 92
-1056964608
292
0
 93
-1056964608
 10
1.0
 20
1.0
 30
1.0
 43
0.0
176
0
293
0
294
0
178
0
179
1
 45
1.0
271
0
272
9
273
9
295
0
  0
LWPOLYLINE
  5
4ECF48
330
2
100
AcDbEntity
  8
ARQ-CONSTRUIR
100
AcDbPolyline
 90
11
 70
0
 10
628.6823074746723
 20
358.8146546250292
 10
568.3705408918106
 20
298.5028880421676
 10
568.3705408918106
 20
235.0133180292309
 10
568.3705408918106
 20
180.3477923320746
 10
681.7756774709698
 20
156.2306482805571
 10
723.596553291938
 20
198.0515241015255
 10
723.596553291938
 20
276.8163660792946
 10
676.9644028985953
 20
323.4485164726375
 10
611.8167829857413
 20
388.5961363854915
 10
644.3905929421683
 20
356.0223264290645
 10
628.6823074746723
 20
358.8146546250292
  0
LWPOLYLINE
  5
4ECF4E
330
2
100
AcDbEntity
  8
ARQ-CONSTRUIR
100
AcDbPolyline
 90
2
 70
0
 10
654.4245462879668
 20
220.5430315983205
 10
736.4779373930984
 20
106.3885513937042
  0
LWPOLYLINE
  5
4ECF4F
330
2
100
AcDbEntity
  8
ARQ-CONSTRUIR
100
AcDbPolyline
 90
11
 70
0
 10
776.7001879827486
 20
352.3834158014828
 10
776.7001879827486
 20
294.5022713072657
 10
776.7001879827486
 20
262.3460808778092
 10
776.7001879827486
 20
218.9352215850775
 10
803.2344472317834
 20
192.4009623360426
 10
825.7567469754661
 20
169.87866259236
 10
857.9394087795197
 20
202.0613243964135
 10
857.9394087795197
 20
271.9929372689911
 10
857.9394087795197
 20
321.835034155844
 10
857.9394087795197
 20
321.835034155844
 10
837.4390260939325
 20
342.3354168414312
  0
LWPOLYLINE
  5
4ECF50
330
2
100
AcDbEntity
  8
ARQ-CONSTRUIR
100
AcDbPolyline
 90
12
 70
0
 10
894.1491574561607
 20
161.0540770908604
 10
894.1491574561607
 20
207.6805551806527
 10
916.6736164177933
 20
291.286652510205
 10
948.8379117165867
 20
323.4509478089985
 10
976.9837625170602
 20
351.5967986094719
 10
976.9837625170602
 20
318.6194153587834
 10
976.9837625170602
 20
236.6211268130488
 10
976.9837625170602
 20
189.9946499526814
 10
905.411386936977
 20
249.4836038454289
 10
953.6780871557818
 20
249.4836038454289
 10
976.9837625170602
 20
236.6211268130488
 10
976.9837625170602
 20
236.6211268130488
  0
LWPOLYLINE
  5
4ECF51
330
2
100
AcDbEntity
  8
ARQ-CONSTRUIR
100
AcDbPolyline
 90
12
 70
0
 10
1056.647047296715
 20
165.877505901164
 10
1056.647047296715
 20
181.9556023453173
 10
1056.647047296715
 20
251.0914132439592
 10
1056.647047296715
 20
313.7959865484798
 10
1056.647047296715
 20
353.9912258147257
 10
1056.647047296715
 20
313.7959865484798
 10
1108.114240167284
 20
262.3287936779111
 10
1146.715175696702
 20
223.7278581484933
 10
1190.139538814484
 20
180.3034950307104
 10
1190.139538814484
 20
180.3034950307104
 10
1190.139538814484
 20
334.6975105735115
 10
1190.139538814484
 20
334.6975105735115
  0
LWPOLYLINE
  5
4ECF52
330
2
100
AcDbEntity
  8
ARQ-CONSTRUIR
100
AcDbPolyline
 90
4
 70
0
 10
1251.322738097766
 20
315.4037965617225
 10
1407.385065791119
 20
315.4037965617225
 10
1329.353901944443
 20
315.4037965617225
 10
1329.353901944443
 20
202.8571263703492
  0
LWPOLYLINE
  5
4ECF53
330
2
100
AcDbEntity
  8
ARQ-CONSTRUIR
100
AcDbPolyline
 90
9
 70
0
 10
1492.656236747913
 20
305.7569389411157
 10
1473.355499616026
 20
286.4562018092292
 10
1433.150535611562
 20
246.2512378047645
 10
1433.150535611562
 20
162.6618871041033
 10
1499.091796451237
 20
162.6618871041033
 10
1558.620726150858
 20
162.6618871041033
 10
1558.620726150858
 20
284.8554149160838
 10
1473.355499616026
 20
286.4562018092292
 10
1453.253017613794
 20
266.3537198069969
  0
LWPOLYLINE
  5
4ECF54
330
2
100
AcDbEntity
  8
ARQ-CONSTRUIR
100
AcDbPolyline
 90
8
 70
0
 10
1813.268912815305
 20
294.7046076102964
 10
1813.268912815305
 20
190.196985026287
 10
1813.268912815305
 20
146.7861269629805
 10
1813.268912815305
 20
117.8455541011595
 10
1874.406732440757
 20
117.8455541011595
 10
1909.802313252914
 20
117.8455541011595
 10
1909.802313252914
 20
117.8455541011595
 10
1909.802313252914
 20
146.7861269629805
  0
LWPOLYLINE
  5
4ECF55
330
2
100
AcDbEntity
  8
ARQ-CONSTRUIR
100
AcDbPolyline
 90
3
 70
0
 10
1813.268912815305
 20
190.196985026287
 10
1869.580062663264
 20
190.196985026287
 10
1906.584533401253
 20
190.196985026287
  0
LWPOLYLINE
  5
4ECF56
330
2
100
AcDbEntity
  8
ARQ-CONSTRUIR
100
AcDbPolyline
 90
3
 70
0
 10
1813.268912815305
 20
294.7046076102964
 10
1813.268912815305
 20
273.8030835852645
 10
1933.935662140379
 20
273.8030835852645
  0
LWPOLYLINE
  5
4ECF57
330
2
100
AcDbEntity
  8
ARQ-CONSTRUIR
100
AcDbPolyline
 90
2
 70
0
 10
1859.926723108278
 20
325.2529892559352
 10
1910.589471630644
 20
375.915737778301
  0
LWPOLYLINE
  5
4ECF58
330
2
100
AcDbEntity
  8
ARQ-CONSTRUIR
100
AcDbPolyline
 90
13
 70
0
 10
2122.482453239945
 20
288.2255054331746
 10
2154.649449780932
 20
320.3925019741608
 10
2233.495862534863
 20
320.3925019741608
 10
2287.379093419083
 20
266.5092710899405
 10
2287.379093419083
 20
193.3647417676944
 10
2230.69462163013
 20
136.6802699787409
 10
2199.325047774011
 20
105.3106961226225
 10
2172.358044494849
 20
175.6788357528568
 10
2223.368296657316
 20
195.2273650242648
 10
2256.305006666485
 20
162.2906550150964
 10
2256.305006666485
 20
162.2906550150962
 10
2288.068968466743
 20
130.5266932148382
 10
2318.767030976309
 20
130.5266932148382
  0
LWPOLYLINE
  5
4ECF59
330
2
100
AcDbEntity
  8
ARQ-CONSTRUIR
100
AcDbPolyline
 90
5
 70
0
 10
2423.344884842236
 20
275.3630286232134
 10
2423.344884842236
 20
154.7773113378099
 10
2423.344884842236
 20
215.0701699805117
 10
2375.078184039373
 20
215.0701699805117
 10
2465.176023836939
 20
215.0701699805117
  0
LWPOLYLINE
  5
4ECF5A
330
2
100
AcDbEntity
  8
ARQ-CONSTRUIR
100
AcDbPolyline
 90
14
 70
0
 10
2532.990344933968
 20
276.9556089142826
 10
2556.308447178319
 20
300.2737111586333
 10
2602.957074088682
 20
346.9223380689962
 10
2656.05908986444
 20
293.8203222932379
 10
2693.044110955187
 20
256.8353012024906
 10
2656.874877845206
 20
151.5464624240031
 10
2590.910388449072
 20
125.8215088040802
 10
2544.252578098249
 20
125.8215088040802
 10
2544.252578098249
 20
198.1729404589724
 10
2595.737059805192
 20
198.1729404589724
 10
2646.434928572978
 20
147.4750716911861
 10
2668.726718915995
 20
147.4750716911861
 10
2721.230476789302
 20
147.4750716911861
 10
2746.972717642773
 20
147.475071691186
  0
LWPOLYLINE
  5
4ECF5C
330
2
100
AcDbEntity
  8
ARQ-CONSTRUIR
100
AcDbPolyline
 90
10
 70
0
 10
2840.28833834442
 20
347.6992297645071
 10
2840.28833834442
 20
368.600754179554
 10
2921.511892818714
 20
449.8243086538476
 10
3010.830675227311
 20
449.8243086538476
 10
3073.577390098536
 20
421.6584690149407
 10
3114.592741112471
 20
380.6431180010053
 10
3114.592741112471
 20
323.5820869492519
 10
2980.705319106306
 20
189.6946649430869
 10
2980.705319106306
 20
189.6946649430869
 10
2980.705319106306
 20
114.5668427987863
  0
LWPOLYLINE
  5
4ECF5D
330
2
100
AcDbEntity
  8
ARQ-CONSTRUIR
100
AcDbPolyline
 90
7
 70
0
 10
2973.908313885102
 20
77.01067474487729
 10
2957.282311868161
 20
60.38467272793685
 10
2957.282311868161
 20
60.38467272793685
 10
2978.439933449758
 20
39.22705114634073
 10
2999.609742268349
 20
60.39685996493159
 10
2999.609742268349
 20
82.04731830362574
 10
2973.908313885102
 20
77.01067474487729
  0
TEXT
  5
4ECF7A
330
2
100
AcDbEntity
  8
0
100
AcDbText
 10
100.0
 20
100.0
 30
0.0
 40
2.5
  1
Texto via API
100
AcDbText
  0
TEXT
  5
4ECF7F
330
2
100
AcDbEntity
  8
0
100
AcDbText
 10
100.0
 20
100.0
 30
0.0
 40
2.5
  1
Texto via API
100
AcDbText
  0
TEXT
  5
4ECF81
330
2
100
AcDbEntity
  8
0
100
AcDbText
 10
100.0
 20
100.0
 30
0.0
 40
2.5
  1
Texto via API
100
AcDbText
  0
VIEWPORT
  5
4ECF39
102
{ACAD_XDICTIONARY
360
4ECF3A
102
}
330
4ECF32
100
AcDbEntity
 67
1
  8
0
100
AcDbViewport
 10
145.5366516113281
 20
101.6133332252502
 30
0.0
 40
441.6541542625169
 41
222.18
 68
1
 69
1
 12
145.5366516113281
 22
101.6133332252502
 13
0.0
 23
0.0
 14
10.0
 24
10.0
 15
10.0
 25
10.0
 16
0.0
 26
0.0
 36
1.0
 17
0.0
 27
0.0
 37
0.0
 42
50.0
 43
0.0
 44
0.0
 45
222.18
 50
0.0
 51
0.0
 72
100
 90
819232
  1

281
0
 71
1
 74
0
110
0.0
120
0.0
130
0.0
111
1.0
121
0.0
131
0.0
112
0.0
122
1.0
132
0.0
 79
0
146
0.0
170
0
 61
5
348
15C8D
282
1
141
0.0
142
0.0
 63
250
421
3355443
  0
VIEWPORT
  5
4ECF3D
102
{ACAD_XDICTIONARY
360
4ECF3E
102
}
330
4ECF32
100
AcDbEntity
 67
1
  8
ARQ-CONSTRUIR
100
AcDbViewport
 10
144.483657836914
 20
101.6000015735626
 30
0.0
 40
231.1738525390625
 41
162.5600025177002
 68
2
 69
2
 12
366.0059145873059
 22
-53.47615861037366
 13
85.19999999999997
 23
-133.65
 14
0.05
 24
0.05
 15
10.0
 25
10.0
 16
0.0
 26
0.0
 36
1.0
 17
670.0704106380246
 27
30.07714155056112
 37
0.0
 42
50.0
 43
0.0
 44
0.0
 45
743.8722626308383
 50
0.0
 51
0.0
 72
1000
 90
819808
  1

281
0
 71
1
 74
0
110
0.0
120
0.0
130
0.0
111
1.0
121
0.0
131
0.0
112
0.0
122
1.0
132
0.0
 79
0
146
0.0
170
0
 61
5
348
15C8D
282
1
141
0.0
142
0.0
 63
250
421
3355443
  0
ENDSEC
  0
SECTION
  2
OBJECTS
  0
DICTIONARY
  5
1C
330
0
100
AcDbDictionary
281
1
  3
ACAD_CIP_PREVIOUS_PRODUCT_INFO
350
15CBF
  3
ACAD_COLOR
350
1C2
  3
ACAD_DETAILVIEWSTYLE
350
15CB6
  3
ACAD_DGNDEFINITIONS
350
3406D
  3
ACAD_DWFDEFINITIONS
350
3406C
  3
ACAD_FIELDLIST
350
1EFF8
  3
ACAD_GROUP
350
1A
  3
ACAD_LAST_SAVED_VERSION_INFO
350
7A18F
  3
ACAD_LAYOUT
350
139
  3
ACAD_MATERIAL
350
1C1
  3
ACAD_MLEADERSTYLE
350
15CB2
  3
ACAD_MLINESTYLE
350
1B
  3
ACAD_PDFDEFINITIONS
350
3406B
  3
ACAD_PLOTSETTINGS
350
13A
  3
ACAD_PLOTSTYLENAME
350
137
  3
ACAD_RENDER_ACTIVE_RAPIDRT_SETTINGS
350
32CFD
  3
ACAD_RENDER_ACTIVE_SETTINGS
350
33F89
  3
ACAD_SCALELIST
350
15CA0
  3
ACAD_SECTIONVIEWSTYLE
350
15CB4
  3
ACAD_TABLESTYLE
350
1C3
  3
ACAD_VISUALSTYLE
350
15C87
  3
ACDB_RECOMPOSE_DATA
350
4ECF67
  3
AcDbVariableDictionary
350
165
  3
AcDsDecomposeData
350
4ECF6E
  3
AEC_PROPERTY_SET_DEFS
350
1E735
  3
ASE_INDEX_DICTIONARY
350
29D6B7
  3
VCAD
350
197
  3
EZDXF_META
350
4ECF7C
  0
DICTIONARY
  5
289C91
330
15
100
AcDbDictionary
281
1
  0
SUN
  5
34069
330
15AC8
100
AcDbSun
 90
1
290
1
 63
7
421
16777215
 40
1.0
291
1
 91
2455826
 92
54000000
292
0
 70
0
 71
256
280
1
1001
ACAD
1000
AcDbSavedByObjectVersion
1070
0
1000
AcDbSavedByObjectVersion
1070
0
1000
AcDbSavedByObjectVersion
1070
0
1000
AcDbSavedByObjectVersion
1070
0
  0
DICTIONARY
  5
1F1E
330
D
100
AcDbDictionary
281
1
  3
ACAD_LAYERSTATES
360
1F1F
  0
DICTIONARY
  5
15CD7
330
4
100
AcDbDictionary
281
1
  3
ADSK_XREC_LAYER_RECONCILED
360
15CD8
  0
DICTIONARY
  5
35D18
330
35D17
100
AcDbDictionary
281
1
  3
ADSK_XREC_LAYER_RECONCILED
360
35D19
  0
DICTIONARY
  5
35D24
330
35D23
100
AcDbDictionary
281
1
  3
ADSK_XREC_LAYER_RECONCILED
360
35D25
  0
DICTIONARY
  5
35D2D
330
35D2C
100
AcDbDictionary
281
1
  3
ADSK_XREC_LAYER_RECONCILED
360
35D2E
  0
DICTIONARY
  5
35DAC
330
35DAB
100
AcDbDictionary
281
1
  3
ADSK_XREC_LAYER_RECONCILED
360
35DAD
  0
DICTIONARY
  5
1E06
330
2
100
AcDbDictionary
281
1
  3
ACAD_SORTENTS
360
1E07
  0
DICTIONARY
  5
2AB073
330
2AB072
100
AcDbDictionary
281
1
  3
ACAD_SORTENTS
360
2AB074
  0
DICTIONARY
  5
411D1
330
411D0
100
AcDbDictionary
281
1
  0
DICTIONARY
  5
411D5
330
411D4
100
AcDbDictionary
281
1
  0
DICTIONARY
  5
41243
330
41242
100
AcDbDictionary
281
1
  0
DICTIONARY
  5
41247
330
41246
100
AcDbDictionary
281
1
  0
DICTIONARY
  5
4124B
330
4124A
100
AcDbDictionary
281
1
  0
DICTIONARY
  5
4ECF3A
330
4ECF39
100
AcDbDictionary
281
1
  3
ASDK_XREC_ANNOTATION_SCALE_INFO
360
4ECF3B
  0
DICTIONARY
  5
4ECF3E
330
4ECF3D
100
AcDbDictionary
281
1
  3
ASDK_XREC_ANNOTATION_SCALE_INFO
360
4ECF3F
  0
XRECORD
  5
15CBF
102
{ACAD_REACTORS
330
1C
102
}
330
1C
100
AcDbXrecord
280
1
300
ACD
300
2025
300

  0
DICTIONARY
  5
1C2
102
{ACAD_REACTORS
330
1C
102
}
330
1C
100
AcDbDictionary
281
1
  3
PANTONE f + h Cotton$PANTONE 11-0601 TCX
350
42B19
  3
PANTONE(R) solid coated$PANTONE 422 C
350
214AA
  3
PANTONE+ Color Bridge Coated$PANTONE 286 CP
350
42B1A
  3
PANTONE+ Color Bridge Coated$PANTONE 427 CP
350
4E1DAA
  3
PANTONE+ Solid Coated$PANTONE 108 C
350
297C3C
  3
PANTONE+ Solid Uncoated$PANTONE 286 U
350
7708A
  0
DICTIONARY
  5
15CB6
102
{ACAD_REACTORS
330
1C
102
}
330
1C
100
AcDbDictionary
281
1
  3
Imperial24
350
1E729
  3
Metric50
350
15CB7
  0
DICTIONARY
  5
3406D
102
{ACAD_REACTORS
330
1C
102
}
330
1C
100
AcDbDictionary
281
1
  0
DICTIONARY
  5
3406C
102
{ACAD_REACTORS
330
1C
102
}
330
1C
100
AcDbDictionary
281
1
  0
FIELDLIST
  5
1EFF8
102
{ACAD_REACTORS
330
1C
102
}
330
1C
100
AcDbIdSet
 90
0
100
AcDbFieldList
  0
DICTIONARY
  5
1A
102
{ACAD_REACTORS
330
1C
102
}
330
1C
100
AcDbDictionary
281
1
  0
XRECORD
  5
7A18F
102
{ACAD_REACTORS
330
1C
102
}
330
1C
100
AcDbXrecord
280
1
300
{ACBEAFD5-F05E-E94C-876E-90A989D25292}
301
{A28D51A8-4E46-8947-95F3-F8405873146F}
302
{ACBEAFD5-F05E-E94C-876E-90A989D25292}
303
C:\Users\PROJETO14\OneDrive\Área de Trabalho\CONHECIMENTO\TESTE.dxf
301
{C8712A03-D549-814E-B01D-382B23ED949B}
302
{63F23521-71EB-CE48-89E5-B25E6056D506}
303
\\pxw0sfs00017\MANDF\BB7418\Interna\ÁREA CENTRO NORTE\0. AGÊNCIAS\AM\AM Parque 10 - 3378 00\00-PROJETOS\00. Acionamento de Projetos\Etapa 01\Etapa 01_R02_14-05-24\LAYOUT\R02\3378-00-ARQ_01-01-LAY_PAV_DV_2024-04_R02_alterado.dwg
301
{4D235514-6970-744A-A520-057D51FDB4DE}
302
{4B338670-6E61-FB40-BF56-1C956103FA21}
303
C:\Users\F7306956\Downloads\3378-00-ARQ_01-01-LAY_PAV_DV_2024-04_R01_alterado.dwg
301
{5F775F49-4137-DE47-99E8-67E056936515}
302
{35CD577C-BB38-964A-88A9-7EE770A94B9B}
303
C:\Users\MARIANA\Documents\03. CLIENTES\BB\3378-00-ARQ_01-01-LAY_PAV_DV_2024-04_R01.dwg
  0
DICTIONARY
  5
139
102
{ACAD_REACTORS
330
1C
102
}
330
1C
100
AcDbDictionary
281
1
  3
Layout1
350
4ECF33
  3
Model
350
13B
  0
DICTIONARY
  5
1C1
102
{ACAD_REACTORS
330
1C
102
}
330
1C
100
AcDbDictionary
281
1
  3
ByBlock
350
15C7F
  3
ByLayer
350
15C77
  3
Global
350
2123
  0
DICTIONARY
  5
15CB2
102
{ACAD_REACTORS
330
1C
102
}
330
1C
100
AcDbDictionary
281
1
  3
Standard
350
15CB3
  0
DICTIONARY
  5
1B
102
{ACAD_REACTORS
330
1C
102
}
330
1C
100
AcDbDictionary
281
1
  3
STANDARD
350
1D
  0
DICTIONARY
  5
3406B
102
{ACAD_REACTORS
330
1C
102
}
330
1C
100
AcDbDictionary
281
1
  0
DICTIONARY
  5
13A
102
{ACAD_REACTORS
330
1C
102
}
330
1C
100
AcDbDictionary
281
1
  0
ACDBDICTIONARYWDFLT
  5
137
102
{ACAD_REACTORS
330
1C
102
}
330
1C
100
AcDbDictionary
281
1
  3
Normal
350
138
100
AcDbDictionaryWithDefault
340
138
  0
RAPIDRTRENDERSETTINGS
  5
32CFD
102
{ACAD_REACTORS
330
1C
102
}
330
1C
100
AcDbRenderSettings
 90
2
  1
Medium
290
1
290
0
290
1
290
1
  1

  1
Applies 5 rendering levels
 90
0
100
AcDbRapidRTRenderSettings
 90
3
 70
0
 90
5
 90
1
 70
1
 70
2
 40
3.0
 40
3.0
290
1
  0
MENTALRAYRENDERSETTINGS
  5
33F89
102
{ACAD_XDICTIONARY
360
33F8A
102
}
102
{ACAD_REACTORS
330
1C
102
}
330
1C
100
AcDbRenderSettings
 90
2
  1
Medium
290
1
290
1
290
1
290
1
  1

  1

 90
0
100
AcDbMentalRayRenderSettings
 90
2
 90
0
 90
1
 70
2
 40
3.0
 40
3.0
 40
0.0500000007450581
 40
0.0500000007450581
 40
0.0500000007450581
 40
0.0500000007450581
 70
0
290
0
290
1
 90
5
 90
5
 90
5
290
0
 90
500
290
0
 40
1.0
 90
10000
 90
5
 90
5
 90
5
290
0
 90
200
290
0
290
0
290
0
 40
1.0
 40
1.0
 40
1500.0
 70
0
 70
0
 40
10.0
 70
0
 70
0
290
0
  1

 90
32
 70
0
 90
1048
290
0
 40
1.0
  0
DICTIONARY
  5
15CA0
102
{ACAD_REACTORS
330
1C
102
}
330
1C
100
AcDbDictionary
281
1
  3
*A1
350
7708B
  3
A0
350
15CA1
  3
A1
350
24C0E
  3
A2
350
246A6
  3
A3
350
24C0F
  3
A4
350
24C10
  3
A5
350
24C11
  3
A6
350
24C12
  3
A7
350
24C13
  3
A8
350
24C14
  3
A9
350
24C15
  3
B0
350
24C16
  3
B1
350
24C17
  3
B2
350
24C18
  3
B3
350
24C19
  3
B4
350
24C1A
  3
B5
350
24C1B
  3
B6
350
24C1C
  3
B7
350
24C1D
  3
B8
350
24C1E
  0
DICTIONARY
  5
15CB4
102
{ACAD_REACTORS
330
1C
102
}
330
1C
100
AcDbDictionary
281
1
  3
Imperial24
350
1E728
  3
Metric50
350
15CB5
  0
DICTIONARY
  5
1C3
102
{ACAD_REACTORS
330
1C
102
}
330
1C
100
AcDbDictionary
281
1
  3
Standard
350
1C4
  0
DICTIONARY
  5
15C87
102
{ACAD_REACTORS
330
1C
102
}
330
1C
100
AcDbDictionary
281
1
  3
2dWireframe
350
15C8D
  3
3dWireframe
350
1E973
  3
Basic
350
15C8C
  3
Brighten
350
15C93
  3
ColorChange
350
15C97
  3
Conceptual
350
15C90
  3
Dim
350
15C92
  3
EdgeColorOff
350
15C9F
  3
Facepattern
350
15C96
  3
Flat
350
15C88
  3
FlatWithEdges
350
15C89
  3
Gouraud
350
15C8A
  3
GouraudWithEdges
350
15C8B
  3
Hidden
350
15C8F
  3
JitterOff
350
15C9D
  3
Linepattern
350
15C95
  3
OverhangOff
350
15C9E
  3
Realistic
350
15C91
  3
Shaded
350
15C9C
  3
Shaded with edges
350
15C9B
  3
Shades of Gray
350
15C98
  3
Sketchy
350
15C99
  3
Thicken
350
15C94
  3
Wireframe
350
15C8E
  3
X-Ray
350
15C9A
  0
XRECORD
  5
4ECF67
102
{ACAD_REACTORS
330
1C
102
}
330
1C
100
AcDbXrecord
280
1
 90
1
330
1C4
  0
DICTIONARY
  5
165
102
{ACAD_REACTORS
330
1C
102
}
330
1C
100
AcDbDictionary
281
1
  3
CANNOSCALE
350
15D92
  3
CMLEADERSTYLE
350
15D8F
  3
CTABLESTYLE
350
2082
  3
CVIEWDETAILSTYLE
350
15D90
  3
CVIEWSECTIONSTYLE
350
15D91
  3
DIMASSOC
350
166
  3
DIMLAYER
350
4E80B4
  3
HPCOLOR
350
19DF4
  3
HPLAYER
350
2A82C6
  3
HPORIGIN
350
3CDD3
  3
HPTRANSPARENCY
350
19DF3
  3
INDEXCTL
350
15D94
  3
LAYEREVAL
350
32EFF
  3
LAYERNOTIFY
350
32F00
  3
LIGHTINGUNITS
350
289E49
  3
MSLTSCALE
350
32EFD
  3
PROJECTNAME
350
302F
  3
SOLIDHIST
350
289E4A
  3
SORTENTS
350
15D93
  0
DICTIONARY
  5
4ECF6E
102
{ACAD_REACTORS
330
1C
102
}
330
1C
100
AcDbDictionary
281
1
  3
AcDsRecords
350
4ECF70
  3
AcDsSchemas
350
4ECF6F
1001
ACAD
1070
2
  0
DICTIONARY
  5
1E735
102
{ACAD_REACTORS
330
1C
102
}
330
1C
100
AcDbDictionary
281
1
  0
DICTIONARY
  5
29D6B7
102
{ACAD_REACTORS
330
1C
102
}
330
1C
100
AcDbDictionary
281
1
  3
ASEBlockHierarchyIndexRecord
350
29D6B9
1001
DCO15
1040
2133521701.0
  0
DICTIONARY
  5
197
102
{ACAD_REACTORS
330
1C
102
}
330
1C
100
AcDbDictionary
281
1
  3
AltTxDim
350
1AB
  3
CorCircPorta
350
1A1
  3
CorTxDim
350
1AD
  3
CotasEm
350
198
  3
CotasEmStr
350
1BD
  3
Criar
350
1A0
  3
Escala
350
1B1
  3
Fonte
350
19D
  3
Gap
350
1AC
  3
LARGPOR
350
1A4
  3
LayCot
350
19F
  3
LayJan
350
1A2
  3
LayPor
350
1A3
  3
Laytxb
350
1A5
  3
Laytxc
350
1A6
  3
Laytxd
350
1AA
  3
Tick
350
19C
  3
TxGrandes
350
1A9
  3
TxMedios
350
1A8
  3
TxPequenos
350
1A7
  3
Unidade
350
19B
  3
UnidStr
350
1BE
  0
DICTIONARY
  5
1F1F
102
{ACAD_REACTORS
330
1F1E
102
}
330
1F1E
100
AcDbDictionary
281
1
  0
XRECORD
  5
15CD8
102
{ACAD_REACTORS
330
15CD7
102
}
330
15CD7
100
AcDbXrecord
280
1
290
1
  0
XRECORD
  5
35D19
102
{ACAD_REACTORS
330
35D18
102
}
330
35D18
100
AcDbXrecord
280
1
290
1
  0
XRECORD
  5
35D25
102
{ACAD_REACTORS
330
35D24
102
}
330
35D24
100
AcDbXrecord
280
1
290
1
  0
XRECORD
  5
35D2E
102
{ACAD_REACTORS
330
35D2D
102
}
330
35D2D
100
AcDbXrecord
280
1
290
1
  0
XRECORD
  5
35DAD
102
{ACAD_REACTORS
330
35DAC
102
}
330
35DAC
100
AcDbXrecord
280
1
290
1
  0
SORTENTSTABLE
  5
1E07
102
{ACAD_REACTORS
330
1E06
102
}
330
1E06
100
AcDbSortentsTable
330
2
331
93
  5
34B36
331
411C6
  5
4364D
331
411C7
  5
4364E
331
411C8
  5
4364F
331
411D0
  5
43650
331
411D4
  5
43651
331
41242
  5
43652
331
41246
  5
48936
331
4124A
  5
725F5
331
41258
  5
725F6
331
41259
  5
725F9
331
4125A
  5
725FA
331
2899BD
  5
28A38E
331
2899BF
  5
28A38F
331
4E2D57
  5
4E4085
331
4E2D58
  5
4E4086
331
4E3F2F
  5
4E4316
  0
SORTENTSTABLE
  5
2AB074
102
{ACAD_REACTORS
330
2AB073
102
}
330
2AB073
100
AcDbSortentsTable
330
2AB072
  0
XRECORD
  5
4ECF3B
102
{ACAD_REACTORS
330
4ECF3A
102
}
330
4ECF3A
100
AcDbXrecord
280
1
 90
1
340
15CA1
  0
XRECORD
  5
4ECF3F
102
{ACAD_REACTORS
330
4ECF3E
102
}
330
4ECF3E
100
AcDbXrecord
280
1
 90
1
340
15CA1
  0
DBCOLOR
  5
42B19
102
{ACAD_REACTORS
330
1C2
102
}
330
1C2
100
AcDbColor
 62
7
420
16053744
430
PANTONE f + h Cotton$PANTONE 11-0601 TCX
1001
ACAD
1000
DBColXD
1070
7
1071
-1024133648
1000
PANTONE f + h Cotton$PANTONE 11-0601 TCX
1000
DBColXD
1070
7
1071
-1024133648
1000
PANTONE f + h Cotton$PANTONE 11-0601 TCX
1000
DBColXD
1070
7
1071
-1024133648
1000
PANTONE f + h Cotton$PANTONE 11-0601 TCX
1000
DBColXD
1070
7
1071
-1024133648
1000
PANTONE f + h Cotton$PANTONE 11-0601 TCX
  0
DBCOLOR
  5
214AA
102
{ACAD_REACTORS
330
1C2
102
}
330
1C2
100
AcDbColor
 62
253
420
10658979
430
PANTONE(R) solid coated$PANTONE 422 C
1001
ACAD
1000
DBColXD
1070
253
1071
-1029528413
1000
PANTONE(R) solid coated$PANTONE 422 C
1000
DBColXD
1070
253
1071
-1029528413
1000
PANTONE(R) solid coated$PANTONE 422 C
1000
DBColXD
1070
253
1071
-1029528413
1000
PANTONE(R) solid coated$PANTONE 422 C
1000
DBColXD
1070
253
1071
-1029528413
1000
PANTONE(R) solid coated$PANTONE 422 C
1000
DBColXD
1070
253
1071
-1029528413
1000
PANTONE(R) solid coated$PANTONE 422 C
1000
DBColXD
1070
253
1071
-1029528413
1000
PANTONE(R) solid coated$PANTONE 422 C
1000
DBColXD
1070
253
1071
-1029528413
1000
PANTONE(R) solid coated$PANTONE 422 C
1000
DBColXD
1070
253
1071
-1029528413
1000
PANTONE(R) solid coated$PANTONE 422 C
1000
DBColXD
1070
253
1071
-1029528413
1000
PANTONE(R) solid coated$PANTONE 422 C
1000
DBColXD
1070
253
1071
-1029528413
1000
PANTONE(R) solid coated$PANTONE 422 C
1000
DBColXD
1070
253
1071
-1029528413
1000
PANTONE(R) solid coated$PANTONE 422 C
1000
DBColXD
1070
253
1071
-1029528413
1000
PANTONE(R) solid coated$PANTONE 422 C
1000
DBColXD
1070
253
1071
-1029528413
1000
PANTONE(R) solid coated$PANTONE 422 C
1000
DBColXD
1070
253
1071
-1029528413
1000
PANTONE(R) solid coated$PANTONE 422 C
1000
DBColXD
1070
253
1071
-1029528413
1000
PANTONE(R) solid coated$PANTONE 422 C
1000
DBColXD
1070
253
1071
-1029528413
1000
PANTONE(R) solid coated$PANTONE 422 C
1000
DBColXD
1070
253
1071
-1029528413
1000
PANTONE(R) solid coated$PANTONE 422 C
1000
DBColXD
1070
253
1071
-1029528413
1000
PANTONE(R) solid coated$PANTONE 422 C
1000
DBColXD
1070
253
1071
-1029528413
1000
PANTONE(R) solid coated$PANTONE 422 C
1000
DBColXD
1070
253
1071
-1029528413
1000
PANTONE(R) solid coated$PANTONE 422 C
1000
DBColXD
1070
253
1071
-1029528413
1000
PANTONE(R) solid coated$PANTONE 422 C
1000
DBColXD
1070
253
1071
-1029528413
1000
PANTONE(R) solid coated$PANTONE 422 C
1000
DBColXD
1070
253
1071
-1029528413
1000
PANTONE(R) solid coated$PANTONE 422 C
1000
DBColXD
1070
253
1071
-1029528413
1000
PANTONE(R) solid coated$PANTONE 422 C
1000
DBColXD
1070
253
1071
-1029528413
1000
PANTONE(R) solid coated$PANTONE 422 C
1000
DBColXD
1070
253
1071
-1029528413
1000
PANTONE(R) solid coated$PANTONE 422 C
1000
DBColXD
1070
253
1071
-1029528413
1000
PANTONE(R) solid coated$PANTONE 422 C
1000
DBColXD
1070
253
1071
-1029528413
1000
PANTONE(R) solid coated$PANTONE 422 C
1000
DBColXD
1070
253
1071
-1029528413
1000
PANTONE(R) solid coated$PANTONE 422 C
1000
DBColXD
1070
253
1071
-1029528413
1000
PANTONE(R) solid coated$PANTONE 422 C
1000
DBColXD
1070
253
1071
-1029528413
1000
PANTONE(R) solid coated$PANTONE 422 C
1000
DBColXD
1070
253
1071
-1029528413
1000
PANTONE(R) solid coated$PANTONE 422 C
1000
DBColXD
1070
253
1071
-1029528413
1000
PANTONE(R) solid coated$PANTONE 422 C
1000
DBColXD
1070
253
1071
-1029528413
1000
PANTONE(R) solid coated$PANTONE 422 C
1000
DBColXD
1070
253
1071
-1029528413
1000
PANTONE(R) solid coated$PANTONE 422 C
1000
DBColXD
1070
253
1071
-1029528413
1000
PANTONE(R) solid coated$PANTONE 422 C
1000
DBColXD
1070
253
1071
-1029528413
1000
PANTONE(R) solid coated$PANTONE 422 C
1000
DBColXD
1070
253
1071
-1029528413
1000
PANTONE(R) solid coated$PANTONE 422 C
1000
DBColXD
1070
253
1071
-1029528413
1000
PANTONE(R) solid coated$PANTONE 422 C
1000
DBColXD
1070
253
1071
-1029528413
1000
PANTONE(R) solid coated$PANTONE 422 C
1000
DBColXD
1070
253
1071
-1029528413
1000
PANTONE(R) solid coated$PANTONE 422 C
1000
DBColXD
1070
253
1071
-1029528413
1000
PANTONE(R) solid coated$PANTONE 422 C
1000
DBColXD
1070
253
1071
-1029528413
1000
PANTONE(R) solid coated$PANTONE 422 C
1000
DBColXD
1070
253
1071
-1029528413
1000
PANTONE(R) solid coated$PANTONE 422 C
1000
DBColXD
1070
253
1071
-1029528413
1000
PANTONE(R) solid coated$PANTONE 422 C
1000
DBColXD
1070
253
1071
-1029528413
1000
PANTONE(R) solid coated$PANTONE 422 C
1000
DBColXD
1070
253
1071
-1029528413
1000
PANTONE(R) solid coated$PANTONE 422 C
1000
DBColXD
1070
253
1071
-1029528413
1000
PANTONE(R) solid coated$PANTONE 422 C
1000
DBColXD
1070
253
1071
-1029528413
1000
PANTONE(R) solid coated$PANTONE 422 C
1000
DBColXD
1070
253
1071
-1029528413
1000
PANTONE(R) solid coated$PANTONE 422 C
1000
DBColXD
1070
253
1071
-1029528413
1000
PANTONE(R) solid coated$PANTONE 422 C
1000
DBColXD
1070
253
1071
-1029528413
1000
PANTONE(R) solid coated$PANTONE 422 C
1000
DBColXD
1070
253
1071
-1029528413
1000
PANTONE(R) solid coated$PANTONE 422 C
1000
DBColXD
1070
253
1071
-1029528413
1000
PANTONE(R) solid coated$PANTONE 422 C
1000
DBColXD
1070
253
1071
-1029528413
1000
PANTONE(R) solid coated$PANTONE 422 C
1000
DBColXD
1070
253
1071
-1029528413
1000
PANTONE(R) solid coated$PANTONE 422 C
1000
DBColXD
1070
253
1071
-1029528413
1000
PANTONE(R) solid coated$PANTONE 422 C
1000
DBColXD
1070
253
1071
-1029528413
1000
PANTONE(R) solid coated$PANTONE 422 C
1000
DBColXD
1070
253
1071
-1029528413
1000
PANTONE(R) solid coated$PANTONE 422 C
1000
DBColXD
1070
253
1071
-1029528413
1000
PANTONE(R) solid coated$PANTONE 422 C
1000
DBColXD
1070
253
1071
-1029528413
1000
PANTONE(R) solid coated$PANTONE 422 C
1000
DBColXD
1070
253
1071
-1029528413
1000
PANTONE(R) solid coated$PANTONE 422 C
1000
DBColXD
1070
253
1071
-1029528413
1000
PANTONE(R) solid coated$PANTONE 422 C
1000
DBColXD
1070
253
1071
-1029528413
1000
PANTONE(R) solid coated$PANTONE 422 C
1000
DBColXD
1070
253
1071
-1029528413
1000
PANTONE(R) solid coated$PANTONE 422 C
1000
DBColXD
1070
253
1071
-1029528413
1000
PANTONE(R) solid coated$PANTONE 422 C
1000
DBColXD
1070
253
1071
-1029528413
1000
PANTONE(R) solid coated$PANTONE 422 C
1000
DBColXD
1070
253
1071
-1029528413
1000
PANTONE(R) solid coated$PANTONE 422 C
1000
DBColXD
1070
253
1071
-1029528413
1000
PANTONE(R) solid coated$PANTONE 422 C
1000
DBColXD
1070
253
1071
-1029528413
1000
PANTONE(R) solid coated$PANTONE 422 C
1000
DBColXD
1070
253
1071
-1029528413
1000
PANTONE(R) solid coated$PANTONE 422 C
1000
DBColXD
1070
253
1071
-1029528413
1000
PANTONE(R) solid coated$PANTONE 422 C
1000
DBColXD
1070
253
1071
-1029528413
1000
PANTONE(R) solid coated$PANTONE 422 C
1000
DBColXD
1070
253
1071
-1029528413
1000
PANTONE(R) solid coated$PANTONE 422 C
1000
DBColXD
1070
253
1071
-1029528413
1000
PANTONE(R) solid coated$PANTONE 422 C
1000
DBColXD
1070
253
1071
-1029528413
1000
PANTONE(R) solid coated$PANTONE 422 C
1000
DBColXD
1070
253
1071
-1029528413
1000
PANTONE(R) solid coated$PANTONE 422 C
1000
DBColXD
1070
253
1071
-1029528413
1000
PANTONE(R) solid coated$PANTONE 422 C
1000
DBColXD
1070
253
1071
-1029528413
1000
PANTONE(R) solid coated$PANTONE 422 C
1000
DBColXD
1070
253
1071
-1029528413
1000
PANTONE(R) solid coated$PANTONE 422 C
1000
DBColXD
1070
253
1071
-1029528413
1000
PANTONE(R) solid coated$PANTONE 422 C
1000
DBColXD
1070
253
1071
-1029528413
1000
PANTONE(R) solid coated$PANTONE 422 C
1000
DBColXD
1070
253
1071
-1029528413
1000
PANTONE(R) solid coated$PANTONE 422 C
1000
DBColXD
1070
253
1071
-1029528413
1000
PANTONE(R) solid coated$PANTONE 422 C
1000
DBColXD
1070
253
1071
-1029528413
1000
PANTONE(R) solid coated$PANTONE 422 C
1000
DBColXD
1070
253
1071
-1029528413
1000
PANTONE(R) solid coated$PANTONE 422 C
1000
DBColXD
1070
253
1071
-1029528413
1000
PANTONE(R) solid coated$PANTONE 422 C
1000
DBColXD
1070
253
1071
-1029528413
1000
PANTONE(R) solid coated$PANTONE 422 C
1000
DBColXD
1070
253
1071
-1029528413
1000
PANTONE(R) solid coated$PANTONE 422 C
1000
DBColXD
1070
253
1071
-1029528413
1000
PANTONE(R) solid coated$PANTONE 422 C
1000
DBColXD
1070
253
1071
-1029528413
1000
PANTONE(R) solid coated$PANTONE 422 C
1000
DBColXD
1070
253
1071
-1029528413
1000
PANTONE(R) solid coated$PANTONE 422 C
1000
DBColXD
1070
253
1071
-1029528413
1000
PANTONE(R) solid coated$PANTONE 422 C
1000
DBColXD
1070
253
1071
-1029528413
1000
PANTONE(R) solid coated$PANTONE 422 C
1000
DBColXD
1070
253
1071
-1029528413
1000
PANTONE(R) solid coated$PANTONE 422 C
1000
DBColXD
1070
253
1071
-1029528413
1000
PANTONE(R) solid coated$PANTONE 422 C
1000
DBColXD
1070
253
1071
-1029528413
1000
PANTONE(R) solid coated$PANTONE 422 C
  0
DBCOLOR
  5
42B1A
102
{ACAD_REACTORS
330
1C2
102
}
330
1C2
100
AcDbColor
 62
154
420
2379930
430
PANTONE+ Color Bridge Coated$PANTONE 286 CP
1001
ACAD
1000
DBColXD
1070
154
1071
-1037807462
1000
PANTONE+ Color Bridge Coated$PANTONE 286 CP
1000
DBColXD
1070
154
1071
-1037807462
1000
PANTONE+ Color Bridge Coated$PANTONE 286 CP
1000
DBColXD
1070
154
1071
-1037807462
1000
PANTONE+ Color Bridge Coated$PANTONE 286 CP
1000
DBColXD
1070
154
1071
-1037807462
1000
PANTONE+ Color Bridge Coated$PANTONE 286 CP
  0
DBCOLOR
  5
4E1DAA
102
{ACAD_REACTORS
330
1C2
102
}
330
1C2
100
AcDbColor
 62
254
420
14211801
430
PANTONE+ Color Bridge Coated$PANTONE 427 CP
1001
ACAD
1000
DBColXD
1070
254
1071
-1025975591
1000
PANTONE+ Color Bridge Coated$PANTONE 427 CP
1000
DBColXD
1070
254
1071
-1025975591
1000
PANTONE+ Color Bridge Coated$PANTONE 427 CP
  0
DBCOLOR
  5
297C3C
102
{ACAD_REACTORS
330
1C2
102
}
330
1C2
100
AcDbColor
 62
40
420
16702208
430
PANTONE+ Solid Coated$PANTONE 108 C
1001
ACAD
1000
DBColXD
1070
40
1071
-1023485184
1000
PANTONE+ Solid Coated$PANTONE 108 C
1000
DBColXD
1070
40
1071
-1023485184
1000
PANTONE+ Solid Coated$PANTONE 108 C
1000
DBColXD
1070
40
1071
-1023485184
1000
PANTONE+ Solid Coated$PANTONE 108 C
1000
DBColXD
1070
40
1071
-1023485184
1000
PANTONE+ Solid Coated$PANTONE 108 C
1000
DBColXD
1070
40
1071
-1023485184
1000
PANTONE+ Solid Coated$PANTONE 108 C
1000
DBColXD
1070
40
1071
-1023485184
1000
PANTONE+ Solid Coated$PANTONE 108 C
1000
DBColXD
1070
40
1071
-1023485184
1000
PANTONE+ Solid Coated$PANTONE 108 C
1000
DBColXD
1070
40
1071
-1023485184
1000
PANTONE+ Solid Coated$PANTONE 108 C
1000
DBColXD
1070
40
1071
-1023485184
1000
PANTONE+ Solid Coated$PANTONE 108 C
1000
DBColXD
1070
40
1071
-1023485184
1000
PANTONE+ Solid Coated$PANTONE 108 C
1000
DBColXD
1070
40
1071
-1023485184
1000
PANTONE+ Solid Coated$PANTONE 108 C
1000
DBColXD
1070
40
1071
-1023485184
1000
PANTONE+ Solid Coated$PANTONE 108 C
1000
DBColXD
1070
40
1071
-1023485184
1000
PANTONE+ Solid Coated$PANTONE 108 C
  0
DBCOLOR
  5
7708A
102
{ACAD_REACTORS
330
1C2
102
}
330
1C2
100
AcDbColor
 62
175
420
3298724
430
PANTONE+ Solid Uncoated$PANTONE 286 U
1001
ACAD
1000
DBColXD
1070
175
1071
-1036888668
1000
PANTONE+ Solid Uncoated$PANTONE 286 U
1000
DBColXD
1070
175
1071
-1036888668
1000
PANTONE+ Solid Uncoated$PANTONE 286 U
1000
DBColXD
1070
175
1071
-1036888668
1000
PANTONE+ Solid Uncoated$PANTONE 286 U
1000
DBColXD
1070
175
1071
-1036888668
1000
PANTONE+ Solid Uncoated$PANTONE 286 U
1000
DBColXD
1070
175
1071
-1036888668
1000
PANTONE+ Solid Uncoated$PANTONE 286 U
1000
DBColXD
1070
175
1071
-1036888668
1000
PANTONE+ Solid Uncoated$PANTONE 286 U
1000
DBColXD
1070
175
1071
-1036888668
1000
PANTONE+ Solid Uncoated$PANTONE 286 U
1000
DBColXD
1070
175
1071
-1036888668
1000
PANTONE+ Solid Uncoated$PANTONE 286 U
1000
DBColXD
1070
175
1071
-1036888668
1000
PANTONE+ Solid Uncoated$PANTONE 286 U
1000
DBColXD
1070
175
1071
-1036888668
1000
PANTONE+ Solid Uncoated$PANTONE 286 U
1000
DBColXD
1070
175
1071
-1036888668
1000
PANTONE+ Solid Uncoated$PANTONE 286 U
1000
DBColXD
1070
175
1071
-1036888668
1000
PANTONE+ Solid Uncoated$PANTONE 286 U
1000
DBColXD
1070
175
1071
-1036888668
1000
PANTONE+ Solid Uncoated$PANTONE 286 U
1000
DBColXD
1070
175
1071
-1036888668
1000
PANTONE+ Solid Uncoated$PANTONE 286 U
1000
DBColXD
1070
175
1071
-1036888668
1000
PANTONE+ Solid Uncoated$PANTONE 286 U
1000
DBColXD
1070
175
1071
-1036888668
1000
PANTONE+ Solid Uncoated$PANTONE 286 U
1000
DBColXD
1070
175
1071
-1036888668
1000
PANTONE+ Solid Uncoated$PANTONE 286 U
1000
DBColXD
1070
175
1071
-1036888668
1000
PANTONE+ Solid Uncoated$PANTONE 286 U
1000
DBColXD
1070
175
1071
-1036888668
1000
PANTONE+ Solid Uncoated$PANTONE 286 U
1000
DBColXD
1070
175
1071
-1036888668
1000
PANTONE+ Solid Uncoated$PANTONE 286 U
1000
DBColXD
1070
175
1071
-1036888668
1000
PANTONE+ Solid Uncoated$PANTONE 286 U
1000
DBColXD
1070
175
1071
-1036888668
1000
PANTONE+ Solid Uncoated$PANTONE 286 U
1000
DBColXD
1070
175
1071
-1036888668
1000
PANTONE+ Solid Uncoated$PANTONE 286 U
1000
DBColXD
1070
175
1071
-1036888668
1000
PANTONE+ Solid Uncoated$PANTONE 286 U
1000
DBColXD
1070
175
1071
-1036888668
1000
PANTONE+ Solid Uncoated$PANTONE 286 U
1000
DBColXD
1070
175
1071
-1036888668
1000
PANTONE+ Solid Uncoated$PANTONE 286 U
1000
DBColXD
1070
175
1071
-1036888668
1000
PANTONE+ Solid Uncoated$PANTONE 286 U
1000
DBColXD
1070
175
1071
-1036888668
1000
PANTONE+ Solid Uncoated$PANTONE 286 U
1000
DBColXD
1070
175
1071
-1036888668
1000
PANTONE+ Solid Uncoated$PANTONE 286 U
1000
DBColXD
1070
175
1071
-1036888668
1000
PANTONE+ Solid Uncoated$PANTONE 286 U
1000
DBColXD
1070
175
1071
-1036888668
1000
PANTONE+ Solid Uncoated$PANTONE 286 U
1000
DBColXD
1070
175
1071
-1036888668
1000
PANTONE+ Solid Uncoated$PANTONE 286 U
1000
DBColXD
1070
175
1071
-1036888668
1000
PANTONE+ Solid Uncoated$PANTONE 286 U
1000
DBColXD
1070
175
1071
-1036888668
1000
PANTONE+ Solid Uncoated$PANTONE 286 U
1000
DBColXD
1070
175
1071
-1036888668
1000
PANTONE+ Solid Uncoated$PANTONE 286 U
1000
DBColXD
1070
175
1071
-1036888668
1000
PANTONE+ Solid Uncoated$PANTONE 286 U
1000
DBColXD
1070
175
1071
-1036888668
1000
PANTONE+ Solid Uncoated$PANTONE 286 U
1000
DBColXD
1070
175
1071
-1036888668
1000
PANTONE+ Solid Uncoated$PANTONE 286 U
1000
DBColXD
1070
175
1071
-1036888668
1000
PANTONE+ Solid Uncoated$PANTONE 286 U
1000
DBColXD
1070
175
1071
-1036888668
1000
PANTONE+ Solid Uncoated$PANTONE 286 U
1000
DBColXD
1070
175
1071
-1036888668
1000
PANTONE+ Solid Uncoated$PANTONE 286 U
1000
DBColXD
1070
175
1071
-1036888668
1000
PANTONE+ Solid Uncoated$PANTONE 286 U
1000
DBColXD
1070
175
1071
-1036888668
1000
PANTONE+ Solid Uncoated$PANTONE 286 U
1000
DBColXD
1070
175
1071
-1036888668
1000
PANTONE+ Solid Uncoated$PANTONE 286 U
1000
DBColXD
1070
175
1071
-1036888668
1000
PANTONE+ Solid Uncoated$PANTONE 286 U
1000
DBColXD
1070
175
1071
-1036888668
1000
PANTONE+ Solid Uncoated$PANTONE 286 U
1000
DBColXD
1070
175
1071
-1036888668
1000
PANTONE+ Solid Uncoated$PANTONE 286 U
1000
DBColXD
1070
175
1071
-1036888668
1000
PANTONE+ Solid Uncoated$PANTONE 286 U
1000
DBColXD
1070
175
1071
-1036888668
1000
PANTONE+ Solid Uncoated$PANTONE 286 U
1000
DBColXD
1070
175
1071
-1036888668
1000
PANTONE+ Solid Uncoated$PANTONE 286 U
1000
DBColXD
1070
175
1071
-1036888668
1000
PANTONE+ Solid Uncoated$PANTONE 286 U
1000
DBColXD
1070
175
1071
-1036888668
1000
PANTONE+ Solid Uncoated$PANTONE 286 U
1000
DBColXD
1070
175
1071
-1036888668
1000
PANTONE+ Solid Uncoated$PANTONE 286 U
1000
DBColXD
1070
175
1071
-1036888668
1000
PANTONE+ Solid Uncoated$PANTONE 286 U
1000
DBColXD
1070
175
1071
-1036888668
1000
PANTONE+ Solid Uncoated$PANTONE 286 U
1000
DBColXD
1070
175
1071
-1036888668
1000
PANTONE+ Solid Uncoated$PANTONE 286 U
1000
DBColXD
1070
175
1071
-1036888668
1000
PANTONE+ Solid Uncoated$PANTONE 286 U
1000
DBColXD
1070
175
1071
-1036888668
1000
PANTONE+ Solid Uncoated$PANTONE 286 U
1000
DBColXD
1070
175
1071
-1036888668
1000
PANTONE+ Solid Uncoated$PANTONE 286 U
1000
DBColXD
1070
175
1071
-1036888668
1000
PANTONE+ Solid Uncoated$PANTONE 286 U
1000
DBColXD
1070
175
1071
-1036888668
1000
PANTONE+ Solid Uncoated$PANTONE 286 U
1000
DBColXD
1070
175
1071
-1036888668
1000
PANTONE+ Solid Uncoated$PANTONE 286 U
1000
DBColXD
1070
175
1071
-1036888668
1000
PANTONE+ Solid Uncoated$PANTONE 286 U
1000
DBColXD
1070
175
1071
-1036888668
1000
PANTONE+ Solid Uncoated$PANTONE 286 U
1000
DBColXD
1070
175
1071
-1036888668
1000
PANTONE+ Solid Uncoated$PANTONE 286 U
1000
DBColXD
1070
175
1071
-1036888668
1000
PANTONE+ Solid Uncoated$PANTONE 286 U
1000
DBColXD
1070
175
1071
-1036888668
1000
PANTONE+ Solid Uncoated$PANTONE 286 U
1000
DBColXD
1070
175
1071
-1036888668
1000
PANTONE+ Solid Uncoated$PANTONE 286 U
1000
DBColXD
1070
175
1071
-1036888668
1000
PANTONE+ Solid Uncoated$PANTONE 286 U
1000
DBColXD
1070
175
1071
-1036888668
1000
PANTONE+ Solid Uncoated$PANTONE 286 U
1000
DBColXD
1070
175
1071
-1036888668
1000
PANTONE+ Solid Uncoated$PANTONE 286 U
1000
DBColXD
1070
175
1071
-1036888668
1000
PANTONE+ Solid Uncoated$PANTONE 286 U
1000
DBColXD
1070
175
1071
-1036888668
1000
PANTONE+ Solid Uncoated$PANTONE 286 U
1000
DBColXD
1070
175
1071
-1036888668
1000
PANTONE+ Solid Uncoated$PANTONE 286 U
1000
DBColXD
1070
175
1071
-1036888668
1000
PANTONE+ Solid Uncoated$PANTONE 286 U
1000
DBColXD
1070
175
1071
-1036888668
1000
PANTONE+ Solid Uncoated$PANTONE 286 U
1000
DBColXD
1070
175
1071
-1036888668
1000
PANTONE+ Solid Uncoated$PANTONE 286 U
1000
DBColXD
1070
175
1071
-1036888668
1000
PANTONE+ Solid Uncoated$PANTONE 286 U
1000
DBColXD
1070
175
1071
-1036888668
1000
PANTONE+ Solid Uncoated$PANTONE 286 U
1000
DBColXD
1070
175
1071
-1036888668
1000
PANTONE+ Solid Uncoated$PANTONE 286 U
1000
DBColXD
1070
175
1071
-1036888668
1000
PANTONE+ Solid Uncoated$PANTONE 286 U
1000
DBColXD
1070
175
1071
-1036888668
1000
PANTONE+ Solid Uncoated$PANTONE 286 U
1000
DBColXD
1070
175
1071
-1036888668
1000
PANTONE+ Solid Uncoated$PANTONE 286 U
1000
DBColXD
1070
175
1071
-1036888668
1000
PANTONE+ Solid Uncoated$PANTONE 286 U
1000
DBColXD
1070
175
1071
-1036888668
1000
PANTONE+ Solid Uncoated$PANTONE 286 U
1000
DBColXD
1070
175
1071
-1036888668
1000
PANTONE+ Solid Uncoated$PANTONE 286 U
1000
DBColXD
1070
175
1071
-1036888668
1000
PANTONE+ Solid Uncoated$PANTONE 286 U
1000
DBColXD
1070
175
1071
-1036888668
1000
PANTONE+ Solid Uncoated$PANTONE 286 U
1000
DBColXD
1070
175
1071
-1036888668
1000
PANTONE+ Solid Uncoated$PANTONE 286 U
1000
DBColXD
1070
175
1071
-1036888668
1000
PANTONE+ Solid Uncoated$PANTONE 286 U
1000
DBColXD
1070
175
1071
-1036888668
1000
PANTONE+ Solid Uncoated$PANTONE 286 U
1000
DBColXD
1070
175
1071
-1036888668
1000
PANTONE+ Solid Uncoated$PANTONE 286 U
1000
DBColXD
1070
175
1071
-1036888668
1000
PANTONE+ Solid Uncoated$PANTONE 286 U
1000
DBColXD
1070
175
1071
-1036888668
1000
PANTONE+ Solid Uncoated$PANTONE 286 U
1000
DBColXD
1070
175
1071
-1036888668
1000
PANTONE+ Solid Uncoated$PANTONE 286 U
1000
DBColXD
1070
175
1071
-1036888668
1000
PANTONE+ Solid Uncoated$PANTONE 286 U
1000
DBColXD
1070
175
1071
-1036888668
1000
PANTONE+ Solid Uncoated$PANTONE 286 U
1000
DBColXD
1070
175
1071
-1036888668
1000
PANTONE+ Solid Uncoated$PANTONE 286 U
1000
DBColXD
1070
175
1071
-1036888668
1000
PANTONE+ Solid Uncoated$PANTONE 286 U
1000
DBColXD
1070
175
1071
-1036888668
1000
PANTONE+ Solid Uncoated$PANTONE 286 U
1000
DBColXD
1070
175
1071
-1036888668
1000
PANTONE+ Solid Uncoated$PANTONE 286 U
1000
DBColXD
1070
175
1071
-1036888668
1000
PANTONE+ Solid Uncoated$PANTONE 286 U
1000
DBColXD
1070
175
1071
-1036888668
1000
PANTONE+ Solid Uncoated$PANTONE 286 U
1000
DBColXD
1070
175
1071
-1036888668
1000
PANTONE+ Solid Uncoated$PANTONE 286 U
1000
DBColXD
1070
175
1071
-1036888668
1000
PANTONE+ Solid Uncoated$PANTONE 286 U
1000
DBColXD
1070
175
1071
-1036888668
1000
PANTONE+ Solid Uncoated$PANTONE 286 U
1000
DBColXD
1070
175
1071
-1036888668
1000
PANTONE+ Solid Uncoated$PANTONE 286 U
1000
DBColXD
1070
175
1071
-1036888668
1000
PANTONE+ Solid Uncoated$PANTONE 286 U
1000
DBColXD
1070
175
1071
-1036888668
1000
PANTONE+ Solid Uncoated$PANTONE 286 U
1000
DBColXD
1070
175
1071
-1036888668
1000
PANTONE+ Solid Uncoated$PANTONE 286 U
1000
DBColXD
1070
175
1071
-1036888668
1000
PANTONE+ Solid Uncoated$PANTONE 286 U
1000
DBColXD
1070
175
1071
-1036888668
1000
PANTONE+ Solid Uncoated$PANTONE 286 U
1000
DBColXD
1070
175
1071
-1036888668
1000
PANTONE+ Solid Uncoated$PANTONE 286 U
1000
DBColXD
1070
175
1071
-1036888668
1000
PANTONE+ Solid Uncoated$PANTONE 286 U
1000
DBColXD
1070
175
1071
-1036888668
1000
PANTONE+ Solid Uncoated$PANTONE 286 U
1000
DBColXD
1070
175
1071
-1036888668
1000
PANTONE+ Solid Uncoated$PANTONE 286 U
1000
DBColXD
1070
175
1071
-1036888668
1000
PANTONE+ Solid Uncoated$PANTONE 286 U
1000
DBColXD
1070
175
1071
-1036888668
1000
PANTONE+ Solid Uncoated$PANTONE 286 U
1000
DBColXD
1070
175
1071
-1036888668
1000
PANTONE+ Solid Uncoated$PANTONE 286 U
1000
DBColXD
1070
175
1071
-1036888668
1000
PANTONE+ Solid Uncoated$PANTONE 286 U
  0
ACDBDETAILVIEWSTYLE
  5
1E729
102
{ACAD_XDICTIONARY
360
4ECF77
102
}
102
{ACAD_REACTORS
330
15CB6
102
}
330
15CB6
100
AcDbModelDocViewStyle
 70
0
  3
Imperial24
290
0
100
AcDbDetailViewStyle
 70
0
 71
0
 90
3
 71
1
340
F
 62
256
 40
0.24
340
0
 62
256
 40
0.24
300

 40
0.36
280
3
 71
2
340
5
 90
25
 62
256
 71
3
340
F
 62
256
 40
0.24
 90
1
 40
0.75
 90
1
300
%<\AcVar ViewType \f "%tc1">% %<\AcVar ViewDetailId>%\PSCALE %<\AcVar ViewScale \f "%sn">%
 71
4
340
5
 90
25
 62
256
340
5
 90
25
 62
256
280
0
  0
ACDBDETAILVIEWSTYLE
  5
15CB7
102
{ACAD_XDICTIONARY
360
4ECF73
102
}
102
{ACAD_REACTORS
330
15CB6
102
}
330
15CB6
100
AcDbModelDocViewStyle
 70
0
  3
Metric50
290
0
100
AcDbDetailViewStyle
 70
0
 71
0
 90
3
 71
1
340
F
 62
256
 40
5.0
340
0
 62
256
 40
5.0
300

 40
0.0
280
1
 71
2
340
5
 90
25
 62
256
 71
3
340
F
 62
256
 40
5.0
 90
0
 40
15.0
 90
1
300
%<\AcVar ViewDetailId>% (%<\AcVar ViewScale \f "%sn">%)
 71
4
340
5
 90
25
 62
256
340
5
 90
25
 62
256
280
0
  0
LAYOUT
  5
4ECF33
102
{ACAD_REACTORS
330
139
102
}
330
139
100
AcDbPlotSettings
  1

  2
Canon G3010 series
  4
A4
  6

 40
3.386666774749755
 41
5.0693359375
 42
3.413330078125
 43
2.963348388671875
 44
210.0
 45
297.0
 46
0.0
 47
0.0
 48
0.0
 49
0.0
140
0.0
141
0.0
142
1.0
143
1.0
 70
688
 72
1
 73
1
 74
5
  7

 75
16
 76
0
 77
2
 78
300
147
1.0
148
0.0
149
0.0
100
AcDbLayout
  1
Layout1
 70
1
 71
1
 10
-2.963348388671875
 20
-3.386666774749755
 11
294.0366516113281
 21
206.6133332252503
 12
0.0
 22
0.0
 32
0.0
 14
28.8967315673828
 24
20.32000031471253
 34
0.0
 15
260.0705841064453
 25
182.8800028324127
 35
0.0
146
0.0
 13
0.0
 23
0.0
 33
0.0
 16
1.0
 26
0.0
 36
0.0
 17
0.0
 27
1.0
 37
0.0
 76
0
330
4ECF32
331
4ECF39
1001
ACAD_PSEXT
1000
Canon G3010 series
1000
Canon G3010 series
1000
http://192.168.0.118:80/wsd/pnpx-metadata.cgi
1000

1070
0
  0
LAYOUT
  5
13B
102
{ACAD_XDICTIONARY
360
29D1B1
102
}
102
{ACAD_REACTORS
330
139
102
}
330
139
100
AcDbPlotSettings
  1

  2
None
  4
ISO_A4_(210.00_x_297.00_MM)
  6

 40
7.5
 41
20.0
 42
7.5
 43
20.0
 44
210.0
 45
297.0
 46
0.0
 47
0.0
 48
0.0
 49
0.0
140
0.0
141
0.0
142
1.0
143
0.2651576309691847
 70
11952
 72
1
 73
1
 74
0
  7

 75
0
 76
0
 77
2
 78
300
147
3.771341584041437
148
-377.9760946644105
149
-37.81286457673765
100
AcDbLayout
  1
Model
 70
1
 71
0
 10
0.0
 20
0.0
 11
12.0
 21
9.0
 12
0.0
 22
0.0
 32
0.0
 14
0.0
 24
0.0
 34
0.0
 15
0.0
 25
0.0
 35
0.0
146
0.0
 13
0.0
 23
0.0
 33
0.0
 16
1.0
 26
0.0
 36
0.0
 17
0.0
 27
1.0
 37
0.0
 76
0
330
2
331
15AC8
1001
ACAD_PSEXT
1000
None
1000
None
1000
Not applicable
1000
The layout will not be plotted unless a new plotter configuration name is selected.
1070
0
  0
MATERIAL
  5
15C7F
102
{ACAD_REACTORS
330
1C1
102
}
330
1C1
100
AcDbMaterial
  1
ByBlock
  2

 70
0
 40
1.0
 71
0
 41
1.0
 91
-1023410177
 42
1.0
 72
0
  3

 73
1
 74
1
 75
1
 43
0.0208333333333333
 43
0.0
 43
0.0
 43
0.0
 43
0.0
 43
0.0208333333333333
 43
0.0
 43
0.0
 43
0.0
 43
0.0
 43
1.0
 43
0.0
 43
0.0
 43
0.0
 43
0.0
 43
1.0
 44
0.5
 73
0
 45
1.0
 46
1.0
 77
0
  4

 78
1
 79
1
170
1
 47
0.0208333333333333
 47
0.0
 47
0.0
 47
0.0
 47
0.0
 47
0.0208333333333333
 47
0.0
 47
0.0
 47
0.0
 47
0.0
 47
1.0
 47
0.0
 47
0.0
 47
0.0
 47
0.0
 47
1.0
 48
1.0
171
0
  6

172
1
173
1
174
1
 49
0.0208333333333333
 49
0.0
 49
0.0
 49
0.0
 49
0.0
 49
0.0208333333333333
 49
0.0
 49
0.0
 49
0.0
 49
0.0
 49
1.0
 49
0.0
 49
0.0
 49
0.0
 49
0.0
 49
1.0
140
1.0
141
1.0
175
0
  7

176
1
177
1
178
1
142
0.0208333333333333
142
0.0
142
0.0
142
0.0
142
0.0
142
0.0208333333333333
142
0.0
142
0.0
142
0.0
142
0.0
142
1.0
142
0.0
142
0.0
142
0.0
142
0.0
142
1.0
143
1.0
179
0
  8

270
1
271
1
272
1
144
0.0208333333333333
144
0.0
144
0.0
144
0.0
144
0.0
144
0.0208333333333333
144
0.0
144
0.0
144
0.0
144
0.0
144
1.0
144
0.0
144
0.0
144
0.0
144
0.0
144
1.0
145
1.0
146
1.0
273
1
  9

274
1
275
1
276
1
147
0.0208333333333333
147
0.0
147
0.0
147
0.0
147
0.0
147
0.0208333333333333
147
0.0
147
0.0
147
0.0
147
0.0
147
1.0
147
0.0
147
0.0
147
0.0
147
0.0
147
1.0
 42
1.0
 72
1
  3

 73
1
 74
1
 75
1
 94
63
  0
MATERIAL
  5
15C77
102
{ACAD_REACTORS
330
1C1
102
}
330
1C1
100
AcDbMaterial
  1
ByLayer
  2

 70
0
 40
1.0
 71
0
 41
1.0
 91
-1023410177
 42
1.0
 72
0
  3

 73
1
 74
1
 75
1
 43
0.0208333333333333
 43
0.0
 43
0.0
 43
0.0
 43
0.0
 43
0.0208333333333333
 43
0.0
 43
0.0
 43
0.0
 43
0.0
 43
1.0
 43
0.0
 43
0.0
 43
0.0
 43
0.0
 43
1.0
 44
0.5
 73
0
 45
1.0
 46
1.0
 77
0
  4

 78
1
 79
1
170
1
 47
0.0208333333333333
 47
0.0
 47
0.0
 47
0.0
 47
0.0
 47
0.0208333333333333
 47
0.0
 47
0.0
 47
0.0
 47
0.0
 47
1.0
 47
0.0
 47
0.0
 47
0.0
 47
0.0
 47
1.0
 48
1.0
171
0
  6

172
1
173
1
174
1
 49
0.0208333333333333
 49
0.0
 49
0.0
 49
0.0
 49
0.0
 49
0.0208333333333333
 49
0.0
 49
0.0
 49
0.0
 49
0.0
 49
1.0
 49
0.0
 49
0.0
 49
0.0
 49
0.0
 49
1.0
140
1.0
141
1.0
175
0
  7

176
1
177
1
178
1
142
0.0208333333333333
142
0.0
142
0.0
142
0.0
142
0.0
142
0.0208333333333333
142
0.0
142
0.0
142
0.0
142
0.0
142
1.0
142
0.0
142
0.0
142
0.0
142
0.0
142
1.0
143
1.0
179
0
  8

270
1
271
1
272
1
144
0.0208333333333333
144
0.0
144
0.0
144
0.0
144
0.0
144
0.0208333333333333
144
0.0
144
0.0
144
0.0
144
0.0
144
1.0
144
0.0
144
0.0
144
0.0
144
0.0
144
1.0
145
1.0
146
1.0
273
1
  9

274
1
275
1
276
1
147
0.0208333333333333
147
0.0
147
0.0
147
0.0
147
0.0
147
0.0208333333333333
147
0.0
147
0.0
147
0.0
147
0.0
147
1.0
147
0.0
147
0.0
147
0.0
147
0.0
147
1.0
 42
1.0
 72
1
  3

 73
1
 74
1
 75
1
 94
63
  0
MATERIAL
  5
2123
102
{ACAD_XDICTIONARY
360
244D7
102
}
102
{ACAD_REACTORS
330
1C1
102
}
330
1C1
100
AcDbMaterial
  1
Global
  2

 70
0
 40
1.0
 71
0
 41
1.0
 91
-1023410177
 42
1.0
 72
1
  3

 73
1
 74
1
 75
1
 44
0.5
 73
0
 45
1.0
 46
1.0
 77
1
  4

 78
1
 79
1
170
1
 48
1.0
171
1
  6

172
1
173
1
174
1
140
1.0
141
1.0
175
1
  7

176
1
177
1
178
1
143
1.0
179
1
  8

270
1
271
1
272
1
145
1.0
146
1.0
273
1
  9

274
1
275
1
276
1
 42
1.0
 72
1
  3

 73
1
 74
1
 75
1
 94
63
  0
MLEADERSTYLE
  5
15CB3
102
{ACAD_REACTORS
330
15CB2
330
4E3F2F
102
}
330
15CB2
100
AcDbMLeaderStyle
179
2
170
2
171
1
172
0
 90
2
 40
0.0
 41
0.0
173
1
 91
-1056964608
340
11
 92
-2
290
1
 42
2.0
291
1
 43
0.36
  3
Standard
 44
4.0
300

342
F
174
1
175
1
176
0
178
6
 93
-1056964608
 45
4.0
292
0
297
0
 46
4.0
293
1
 94
-1056964608
 47
1.0
 49
1.0
140
1.0
294
1
141
0.0
177
0
142
1.0
295
0
296
0
143
0.125
271
0
272
9
273
9
298
1
  0
MLINESTYLE
  5
1D
102
{ACAD_REACTORS
330
1B
102
}
330
1B
100
AcDbMlineStyle
  2
STANDARD
 70
0
  3

 62
256
 51
90.0
 52
90.0
 71
2
 49
0.5
 62
256
  6
BYLAYER
 49
-0.5
 62
256
  6
BYLAYER
  0
ACDBPLACEHOLDER
  5
138
102
{ACAD_REACTORS
330
137
102
}
330
137
  0
DICTIONARY
  5
33F8A
330
33F89
100
AcDbDictionary
281
1
  3
ACAD_XREC_ROUNDTRIP
360
286478
  3
ADSK_XREC_MENTALRAYSETTINGSINFO
360
33F8B
  0
SCALE
  5
7708B
102
{ACAD_REACTORS
330
15CA0
102
}
330
15CA0
100
AcDbScale
 70
0
300
1:10_1
140
1.0
141
10.0
290
0
  0
SCALE
  5
15CA1
102
{ACAD_REACTORS
330
15CA0
102
}
330
15CA0
100
AcDbScale
 70
0
300
1:1
140
1.0
141
1.0
290
1
  0
SCALE
  5
24C0E
102
{ACAD_REACTORS
330
15CA0
102
}
330
15CA0
100
AcDbScale
 70
0
300
1:75m
140
1000.0
141
75.0
290
0
  0
SCALE
  5
246A6
102
{ACAD_REACTORS
330
15CA0
102
}
330
15CA0
100
AcDbScale
 70
0
300
1:100m
140
1000.0
141
100.0
290
0
  0
SCALE
  5
24C0F
102
{ACAD_REACTORS
330
15CA0
102
}
330
15CA0
100
AcDbScale
 70
0
300
1:2
140
1.0
141
2.0
290
0
  0
SCALE
  5
24C10
102
{ACAD_REACTORS
330
15CA0
102
}
330
15CA0
100
AcDbScale
 70
0
300
1:4
140
1.0
141
4.0
290
0
  0
SCALE
  5
24C11
102
{ACAD_REACTORS
330
15CA0
102
}
330
15CA0
100
AcDbScale
 70
0
300
1:5
140
1.0
141
5.0
290
0
  0
SCALE
  5
24C12
102
{ACAD_REACTORS
330
15CA0
102
}
330
15CA0
100
AcDbScale
 70
0
300
1:8
140
1.0
141
8.0
290
0
  0
SCALE
  5
24C13
102
{ACAD_REACTORS
330
15CA0
102
}
330
15CA0
100
AcDbScale
 70
0
300
1:10
140
1.0
141
10.0
290
0
  0
SCALE
  5
24C14
102
{ACAD_REACTORS
330
15CA0
102
}
330
15CA0
100
AcDbScale
 70
0
300
1:16
140
1.0
141
16.0
290
0
  0
SCALE
  5
24C15
102
{ACAD_REACTORS
330
15CA0
102
}
330
15CA0
100
AcDbScale
 70
0
300
1:20
140
1.0
141
20.0
290
0
  0
SCALE
  5
24C16
102
{ACAD_REACTORS
330
15CA0
102
}
330
15CA0
100
AcDbScale
 70
0
300
1:30
140
1.0
141
30.0
290
0
  0
SCALE
  5
24C17
102
{ACAD_REACTORS
330
15CA0
102
}
330
15CA0
100
AcDbScale
 70
0
300
1:40
140
1.0
141
40.0
290
0
  0
SCALE
  5
24C18
102
{ACAD_REACTORS
330
15CA0
102
}
330
15CA0
100
AcDbScale
 70
0
300
1:50
140
1.0
141
50.0
290
0
  0
SCALE
  5
24C19
102
{ACAD_REACTORS
330
15CA0
102
}
330
15CA0
100
AcDbScale
 70
0
300
1:100
140
1.0
141
100.0
290
0
  0
SCALE
  5
24C1A
102
{ACAD_REACTORS
330
15CA0
102
}
330
15CA0
100
AcDbScale
 70
0
300
2:1
140
2.0
141
1.0
290
0
  0
SCALE
  5
24C1B
102
{ACAD_REACTORS
330
15CA0
102
}
330
15CA0
100
AcDbScale
 70
0
300
4:1
140
4.0
141
1.0
290
0
  0
SCALE
  5
24C1C
102
{ACAD_REACTORS
330
15CA0
102
}
330
15CA0
100
AcDbScale
 70
0
300
8:1
140
8.0
141
1.0
290
0
  0
SCALE
  5
24C1D
102
{ACAD_REACTORS
330
15CA0
102
}
330
15CA0
100
AcDbScale
 70
0
300
10:1
140
10.0
141
1.0
290
0
  0
SCALE
  5
24C1E
102
{ACAD_REACTORS
330
15CA0
102
}
330
15CA0
100
AcDbScale
 70
0
300
100:1
140
100.0
141
1.0
290
0
  0
ACDBSECTIONVIEWSTYLE
  5
1E728
102
{ACAD_XDICTIONARY
360
4ECF75
102
}
102
{ACAD_REACTORS
330
15CB4
102
}
330
15CB4
100
AcDbModelDocViewStyle
 70
0
  3
Imperial24
290
0
100
AcDbSectionViewStyle
 70
0
 71
0
 90
78
 71
1
340
F
 62
256
 40
0.24
340
0
340
0
 62
256
 40
0.24
300
I, O, Q, S, X, Z
 40
0.48
 90
3
 40
0.18
 90
1
 71
2
340
5
 90
25
 62
256
340
5
 90
50
 62
256
 40
0.24
 40
0.0
 40
0.24
 71
3
340
F
 62
256
 40
0.24
 90
1
 40
0.75
 90
1
300
%<\AcVar ViewType \f "%tc1">% %<\AcVar ViewSectionStartId>%-%<\AcVar ViewSectionEndId>%\PSCALE %<\AcVar ViewScale \f "%sn">%
 71
4
 62
256
 62
257
300
ANSI31
 40
1.0
 90
0
290
0
290
0
 90
6
 40
0.0
 40
1.570796326794896
 40
0.2617993877991494
 40
1.308996938995747
 40
-0.2617993877991494
 40
1.832595714594045
  0
ACDBSECTIONVIEWSTYLE
  5
15CB5
102
{ACAD_XDICTIONARY
360
4ECF71
102
}
102
{ACAD_REACTORS
330
15CB4
102
}
330
15CB4
100
AcDbModelDocViewStyle
 70
0
  3
Metric50
290
0
100
AcDbSectionViewStyle
 70
0
 71
0
 90
102
 71
1
340
F
 62
256
 40
5.0
340
0
340
0
 62
256
 40
5.0
300
I, O, Q, S, X, Z
 40
10.0
 90
0
 40
2.5
 90
0
 71
2
340
5
 90
25
 62
256
340
5
 90
50
 62
256
 40
5.0
 40
2.5
 40
5.0
 71
3
340
F
 62
256
 40
5.0
 90
0
 40
15.0
 90
1
300
%<\AcVar ViewSectionStartId>%-%<\AcVar ViewSectionEndId>% (%<\AcVar ViewScale \f "%sn">%)
 71
4
 62
256
 62
257
300
ANSI31
 40
1.0
 90
0
290
0
290
0
 90
6
 40
0.0
 40
1.570796326794896
 40
0.2617993877991494
 40
1.308996938995747
 40
-0.2617993877991494
 40
1.832595714594045
  0
TABLESTYLE
  5
1C4
102
{ACAD_XDICTIONARY
360
15D15
102
}
102
{ACAD_REACTORS
330
1C3
102
}
330
1C3
100
AcDbTableStyle
280
0
  3
Standard
 70
0
 71
0
 40
1.5
 41
1.5
280
0
281
0
  7
STANDARD
140
4.5
170
2
 62
0
 63
7
283
0
 90
4
 91
0
  1

274
-2
284
1
 64
0
275
-2
285
1
 65
0
276
-2
286
1
 66
0
277
-2
287
1
 67
0
278
-2
288
1
 68
0
279
-2
289
1
 69
0
  7
STANDARD
140
6.0
170
5
 62
0
 63
7
283
0
 90
4
 91
0
  1

274
-2
284
1
 64
0
275
-2
285
1
 65
0
276
-2
286
1
 66
0
277
-2
287
1
 67
0
278
-2
288
1
 68
0
279
-2
289
1
 69
0
  7
STANDARD
140
4.5
170
5
 62
0
 63
7
283
0
 90
4
 91
0
  1

274
-2
284
1
 64
0
275
-2
285
1
 65
0
276
-2
286
1
 66
0
277
-2
287
1
 67
0
278
-2
288
1
 68
0
279
-2
289
1
 69
0
  0
VISUALSTYLE
  5
15C8D
102
{ACAD_REACTORS
330
15C87
102
}
330
15C87
100
AcDbVisualStyle
  2
2dWireframe
 70
4
177
3
291
0
 70
58
 90
0
176
1
 90
2
176
1
 90
0
176
1
 90
0
176
1
 40
0.6
176
1
 40
30.0
176
1
 62
7
176
1
 90
1
176
1
 90
4
176
1
 62
7
176
1
 62
257
176
1
 90
1
176
1
 90
1
176
1
 40
1.0
176
1
 90
0
176
1
 62
257
176
1
 40
1.0
176
1
 90
1
176
1
 90
6
176
1
 90
2
176
1
 62
7
176
1
 90
5
176
1
 90
0
176
1
 90
0
176
1
290
0
176
1
 90
1
176
1
 40
0.0
176
1
 90
0
176
1
290
1
176
1
290
1
176
1
290
0
176
1
290
0
176
1
290
0
176
1
290
0
176
1
290
0
176
1
290
0
176
1
290
0
176
1
 90
50
176
1
 40
0.0
176
1
 40
1.0
176
1
 90
0
176
1
 62
18
176
1
 90
50
176
1
 90
3
176
1
 62
5
420
255
176
1
290
0
176
1
 90
50
176
1
 90
50
176
1
 90
50
176
1
290
0
176
1
 90
50
176
1
 62
256
176
0
 40
1.0
176
0
 90
2
176
1
  1
strokes_ogs.tif
176
1
290
0
176
1
 40
1.0
176
1
 40
1.0
176
1
1001
ACAD
1000
AcDbSavedByObjectVersion
1070
0
  0
VISUALSTYLE
  5
1E973
102
{ACAD_REACTORS
330
15C87
102
}
330
15C87
100
AcDbVisualStyle
  2
3dWireframe
 70
5
177
3
291
0
 70
58
 90
0
176
1
 90
2
176
1
 90
0
176
1
 90
0
176
1
 40
0.6
176
1
 40
30.0
176
1
 62
7
176
1
 90
1
176
1
 90
4
176
1
 62
7
176
1
 62
257
176
1
 90
1
176
1
 90
1
176
1
 40
1.0
176
1
 90
0
176
1
 62
257
176
1
 40
1.0
176
1
 90
1
176
1
 90
6
176
1
 90
2
176
1
 62
7
176
1
 90
5
176
1
 90
0
176
1
 90
0
176
1
290
0
176
1
 90
1
176
1
 40
0.0
176
1
 90
0
176
1
290
0
176
1
290
1
176
1
290
1
176
1
290
0
176
1
290
0
176
1
290
0
176
1
290
0
176
1
290
0
176
1
290
0
176
1
 90
50
176
1
 40
0.0
176
1
 40
1.0
176
1
 90
0
176
1
 62
18
176
1
 90
50
176
1
 90
3
176
1
 62
5
420
255
176
1
290
0
176
1
 90
50
176
1
 90
50
176
1
 90
50
176
1
290
0
176
1
 90
50
176
1
 62
256
176
0
 40
1.0
176
0
 90
2
176
1
  1
strokes_ogs.tif
176
1
290
0
176
1
 40
1.0
176
1
 40
1.0
176
1
1001
ACAD
1000
AcRTDxfName
1000
VISUALSTYLE
1000
AcRTDxfName
1000
VISUALSTYLE
1000
AcRTDxfName
1000
VISUALSTYLE
1000
AcDbSavedByObjectVersion
1070
0
  0
VISUALSTYLE
  5
15C8C
102
{ACAD_REACTORS
330
15C87
102
}
330
15C87
100
AcDbVisualStyle
  2
Basic
 70
7
177
3
291
1
 70
58
 90
1
176
1
 90
0
176
1
 90
1
176
1
 90
0
176
1
 40
0.6
176
1
 40
30.0
176
1
 62
7
176
1
 90
0
176
1
 90
4
176
1
 62
7
176
1
 62
257
176
1
 90
1
176
1
 90
1
176
1
 40
1.0
176
1
 90
8
176
1
 62
7
176
1
 40
1.0
176
1
 90
1
176
1
 90
6
176
1
 90
2
176
1
 62
7
176
1
 90
5
176
1
 90
0
176
1
 90
0
176
1
290
0
176
1
 90
1
176
1
 40
0.0
176
1
 90
0
176
1
290
0
176
1
290
1
176
1
290
1
176
1
290
0
176
1
290
0
176
1
290
0
176
1
290
0
176
1
290
0
176
1
290
0
176
1
 90
50
176
1
 40
0.0
176
1
 40
1.0
176
1
 90
0
176
1
 62
18
176
1
 90
50
176
1
 90
3
176
1
 62
5
420
255
176
1
290
0
176
1
 90
50
176
1
 90
50
176
1
 90
50
176
1
290
0
176
1
 90
50
176
1
 62
256
176
0
 40
1.0
176
0
 90
2
176
1
  1
strokes_ogs.tif
176
1
290
0
176
1
 40
1.0
176
1
 40
1.0
176
1
1001
ACAD
1000
AcDbSavedByObjectVersion
1070
0
  0
VISUALSTYLE
  5
15C93
102
{ACAD_REACTORS
330
15C87
102
}
330
15C87
100
AcDbVisualStyle
  2
Brighten
 70
12
177
3
291
1
 70
58
 90
2
176
1
 90
2
176
1
 90
0
176
1
 90
0
176
1
 40
0.6
176
1
 40
30.0
176
1
 62
7
176
1
 90
1
176
1
 90
4
176
1
 62
7
176
1
 62
257
176
1
 90
1
176
1
 90
1
176
1
 40
1.0
176
1
 90
8
176
1
 62
7
176
1
 40
1.0
176
1
 90
1
176
1
 90
6
176
1
 90
2
176
1
 62
7
176
1
 90
5
176
1
 90
0
176
1
 90
0
176
1
290
0
176
1
 90
1
176
1
 40
50.0
176
1
 90
0
176
1
290
0
176
1
290
1
176
1
290
1
176
1
290
0
176
1
290
0
176
1
290
0
176
1
290
0
176
1
290
0
176
1
290
0
176
1
 90
50
176
1
 40
0.0
176
1
 40
1.0
176
1
 90
0
176
1
 62
18
176
1
 90
50
176
1
 90
3
176
1
 62
5
420
255
176
1
290
0
176
1
 90
50
176
1
 90
50
176
1
 90
50
176
1
290
0
176
1
 90
50
176
1
 62
256
176
0
 40
1.0
176
0
 90
2
176
1
  1
strokes_ogs.tif
176
1
290
0
176
1
 40
1.0
176
1
 40
1.0
176
1
1001
ACAD
1000
AcDbSavedByObjectVersion
1070
0
  0
VISUALSTYLE
  5
15C97
102
{ACAD_REACTORS
330
15C87
102
}
330
15C87
100
AcDbVisualStyle
  2
ColorChange
 70
16
177
3
291
1
 70
58
 90
2
176
1
 90
2
176
1
 90
3
176
1
 90
0
176
1
 40
0.6
176
1
 40
30.0
176
1
 62
8
176
1
 90
1
176
1
 90
4
176
1
 62
7
176
1
 62
257
176
1
 90
1
176
1
 90
1
176
1
 40
1.0
176
1
 90
8
176
1
 62
8
176
1
 40
1.0
176
1
 90
1
176
1
 90
6
176
1
 90
2
176
1
 62
7
176
1
 90
5
176
1
 90
0
176
1
 90
0
176
1
290
0
176
1
 90
1
176
1
 40
0.0
176
1
 90
0
176
1
290
0
176
1
290
1
176
1
290
1
176
1
290
0
176
1
290
0
176
1
290
0
176
1
290
0
176
1
290
0
176
1
290
0
176
1
 90
50
176
1
 40
0.0
176
1
 40
1.0
176
1
 90
0
176
1
 62
18
176
1
 90
50
176
1
 90
3
176
1
 62
5
420
255
176
1
290
0
176
1
 90
50
176
1
 90
50
176
1
 90
50
176
1
290
0
176
1
 90
50
176
1
 62
256
176
0
 40
1.0
176
0
 90
2
176
1
  1
strokes_ogs.tif
176
1
290
0
176
1
 40
1.0
176
1
 40
1.0
176
1
1001
ACAD
1000
AcDbSavedByObjectVersion
1070
0
  0
VISUALSTYLE
  5
15C90
102
{ACAD_REACTORS
330
15C87
102
}
330
15C87
100
AcDbVisualStyle
  2
Conceptual
 70
9
177
3
291
0
 70
58
 90
3
176
1
 90
2
176
1
 90
0
176
1
 90
0
176
1
 40
0.6
176
1
 40
30.0
176
1
 62
7
176
1
 90
2
176
1
 90
2
176
1
 62
7
176
1
 62
257
176
1
 90
1
176
1
 90
1
176
1
 40
179.0
176
1
 90
8
176
1
 62
7
176
1
 40
1.0
176
1
 90
1
176
1
 90
6
176
1
 90
2
176
1
 62
7
176
1
 90
3
176
1
 90
0
176
1
 90
0
176
1
290
0
176
1
 90
1
176
1
 40
0.0
176
1
 90
0
176
1
290
0
176
1
290
1
176
1
290
1
176
1
290
0
176
1
290
0
176
1
290
0
176
1
290
0
176
1
290
0
176
1
290
0
176
1
 90
50
176
1
 40
0.0
176
1
 40
1.0
176
1
 90
0
176
1
 62
18
176
1
 90
50
176
1
 90
3
176
1
 62
5
420
255
176
1
290
0
176
1
 90
50
176
1
 90
50
176
1
 90
50
176
1
290
0
176
1
 90
50
176
1
 62
256
176
0
 40
1.0
176
0
 90
2
176
1
  1
strokes_ogs.tif
176
1
290
0
176
1
 40
1.0
176
1
 40
1.0
176
1
1001
ACAD
1000
AcDbSavedByObjectVersion
1070
0
  0
VISUALSTYLE
  5
15C92
102
{ACAD_REACTORS
330
15C87
102
}
330
15C87
100
AcDbVisualStyle
  2
Dim
 70
11
177
3
291
1
 70
58
 90
2
176
1
 90
2
176
1
 90
0
176
1
 90
0
176
1
 40
0.6
176
1
 40
30.0
176
1
 62
7
176
1
 90
1
176
1
 90
4
176
1
 62
7
176
1
 62
257
176
1
 90
1
176
1
 90
1
176
1
 40
1.0
176
1
 90
8
176
1
 62
7
176
1
 40
1.0
176
1
 90
1
176
1
 90
6
176
1
 90
2
176
1
 62
7
176
1
 90
5
176
1
 90
0
176
1
 90
0
176
1
290
0
176
1
 90
1
176
1
 40
-50.0
176
1
 90
0
176
1
290
0
176
1
290
1
176
1
290
1
176
1
290
0
176
1
290
0
176
1
290
0
176
1
290
0
176
1
290
0
176
1
290
0
176
1
 90
50
176
1
 40
0.0
176
1
 40
1.0
176
1
 90
0
176
1
 62
18
176
1
 90
50
176
1
 90
3
176
1
 62
5
420
255
176
1
290
0
176
1
 90
50
176
1
 90
50
176
1
 90
50
176
1
290
0
176
1
 90
50
176
1
 62
256
176
0
 40
1.0
176
0
 90
2
176
1
  1
strokes_ogs.tif
176
1
290
0
176
1
 40
1.0
176
1
 40
1.0
176
1
1001
ACAD
1000
AcDbSavedByObjectVersion
1070
0
  0
VISUALSTYLE
  5
15C9F
102
{ACAD_REACTORS
330
15C87
102
}
330
15C87
100
AcDbVisualStyle
  2
EdgeColorOff
 70
22
177
3
291
1
 70
58
 90
2
176
0
 90
2
176
0
 90
0
176
0
 90
0
176
0
 40
0.6
176
0
 40
30.0
176
0
 62
7
176
0
 90
1
176
0
 90
4
176
0
 62
7
176
0
 62
257
176
0
 90
1
176
0
 90
1
176
0
 40
1.0
176
0
 90
8
176
2
 62
7
176
0
 40
1.0
176
0
 90
1
176
0
 90
6
176
0
 90
2
176
0
 62
7
176
0
 90
5
176
0
 90
0
176
0
 90
0
176
0
290
0
176
0
 90
1
176
0
 40
0.0
176
0
 90
0
176
0
290
0
176
0
290
1
176
0
290
1
176
0
290
0
176
0
290
0
176
0
290
0
176
0
290
0
176
0
290
0
176
0
290
0
176
0
 90
50
176
0
 40
0.0
176
0
 40
1.0
176
0
 90
0
176
0
 62
18
176
0
 90
50
176
0
 90
3
176
0
 62
5
420
255
176
0
290
0
176
0
 90
50
176
0
 90
50
176
0
 90
50
176
0
290
0
176
0
 90
50
176
0
 62
256
176
0
 40
1.0
176
0
 90
2
176
0
  1
strokes_ogs.tif
176
0
290
0
176
0
 40
1.0
176
0
 40
1.0
176
0
1001
ACAD
1000
AcDbSavedByObjectVersion
1070
0
  0
VISUALSTYLE
  5
15C96
102
{ACAD_REACTORS
330
15C87
102
}
330
15C87
100
AcDbVisualStyle
  2
Facepattern
 70
15
177
3
291
1
 70
58
 90
2
176
1
 90
2
176
1
 90
0
176
1
 90
0
176
1
 40
0.6
176
1
 40
30.0
176
1
 62
7
176
1
 90
1
176
1
 90
4
176
1
 62
7
176
1
 62
257
176
1
 90
1
176
1
 90
1
176
1
 40
1.0
176
1
 90
8
176
1
 62
7
176
1
 40
1.0
176
1
 90
1
176
1
 90
6
176
1
 90
2
176
1
 62
7
176
1
 90
5
176
1
 90
0
176
1
 90
0
176
1
290
0
176
1
 90
1
176
1
 40
0.0
176
1
 90
0
176
1
290
0
176
1
290
1
176
1
290
1
176
1
290
0
176
1
290
0
176
1
290
0
176
1
290
0
176
1
290
0
176
1
290
0
176
1
 90
50
176
1
 40
0.0
176
1
 40
1.0
176
1
 90
0
176
1
 62
18
176
1
 90
50
176
1
 90
3
176
1
 62
5
420
255
176
1
290
0
176
1
 90
50
176
1
 90
50
176
1
 90
50
176
1
290
0
176
1
 90
50
176
1
 62
256
176
0
 40
1.0
176
0
 90
2
176
1
  1
strokes_ogs.tif
176
1
290
0
176
1
 40
1.0
176
1
 40
1.0
176
1
1001
ACAD
1000
AcDbSavedByObjectVersion
1070
0
  0
VISUALSTYLE
  5
15C88
102
{ACAD_REACTORS
330
15C87
102
}
330
15C87
100
AcDbVisualStyle
  2
Flat
 70
0
177
3
291
1
 70
58
 90
2
176
1
 90
1
176
1
 90
1
176
1
 90
2
176
1
 40
0.6
176
1
 40
30.0
176
1
 62
7
176
1
 90
0
176
1
 90
0
176
1
 62
7
176
1
 62
257
176
1
 90
1
176
1
 90
1
176
1
 40
1.0
176
1
 90
8
176
1
 62
7
176
1
 40
1.0
176
1
 90
1
176
1
 90
6
176
1
 90
2
176
1
 62
7
176
1
 90
5
176
1
 90
0
176
1
 90
0
176
1
290
0
176
1
 90
13
176
1
 40
0.0
176
1
 90
0
176
1
290
0
176
1
290
1
176
1
290
1
176
1
290
0
176
1
290
0
176
1
290
0
176
1
290
0
176
1
290
0
176
1
290
0
176
1
 90
50
176
1
 40
0.0
176
1
 40
1.0
176
1
 90
0
176
1
 62
18
176
1
 90
50
176
1
 90
3
176
1
 62
5
420
255
176
1
290
0
176
1
 90
50
176
1
 90
50
176
1
 90
50
176
1
290
0
176
1
 90
50
176
1
 62
256
176
0
 40
1.0
176
0
 90
2
176
1
  1
strokes_ogs.tif
176
1
290
0
176
1
 40
1.0
176
1
 40
1.0
176
1
1001
ACAD
1000
AcDbSavedByObjectVersion
1070
0
  0
VISUALSTYLE
  5
15C89
102
{ACAD_REACTORS
330
15C87
102
}
330
15C87
100
AcDbVisualStyle
  2
FlatWithEdges
 70
1
177
3
291
1
 70
58
 90
2
176
1
 90
1
176
1
 90
1
176
1
 90
2
176
1
 40
0.6
176
1
 40
30.0
176
1
 62
7
176
1
 90
1
176
1
 90
0
176
1
 62
7
176
1
 62
257
176
1
 90
1
176
1
 90
1
176
1
 40
1.0
176
1
 90
0
176
1
 62
257
176
1
 40
1.0
176
1
 90
1
176
1
 90
6
176
1
 90
2
176
1
 62
7
176
1
 90
5
176
1
 90
0
176
1
 90
0
176
1
290
0
176
1
 90
13
176
1
 40
0.0
176
1
 90
0
176
1
290
0
176
1
290
1
176
1
290
1
176
1
290
0
176
1
290
0
176
1
290
0
176
1
290
0
176
1
290
0
176
1
290
0
176
1
 90
50
176
1
 40
0.0
176
1
 40
1.0
176
1
 90
0
176
1
 62
18
176
1
 90
50
176
1
 90
3
176
1
 62
5
420
255
176
1
290
0
176
1
 90
50
176
1
 90
50
176
1
 90
50
176
1
290
0
176
1
 90
50
176
1
 62
256
176
0
 40
1.0
176
0
 90
2
176
1
  1
strokes_ogs.tif
176
1
290
0
176
1
 40
1.0
176
1
 40
1.0
176
1
1001
ACAD
1000
AcDbSavedByObjectVersion
1070
0
  0
VISUALSTYLE
  5
15C8A
102
{ACAD_REACTORS
330
15C87
102
}
330
15C87
100
AcDbVisualStyle
  2
Gouraud
 70
2
177
3
291
1
 70
58
 90
2
176
1
 90
2
176
1
 90
1
176
1
 90
2
176
1
 40
0.6
176
1
 40
30.0
176
1
 62
7
176
1
 90
0
176
1
 90
0
176
1
 62
7
176
1
 62
257
176
1
 90
1
176
1
 90
1
176
1
 40
1.0
176
1
 90
0
176
1
 62
7
176
1
 40
1.0
176
1
 90
1
176
1
 90
6
176
1
 90
2
176
1
 62
7
176
1
 90
5
176
1
 90
0
176
1
 90
0
176
1
290
0
176
1
 90
13
176
1
 40
0.0
176
1
 90
0
176
1
290
0
176
1
290
1
176
1
290
1
176
1
290
0
176
1
290
0
176
1
290
0
176
1
290
0
176
1
290
0
176
1
290
0
176
1
 90
50
176
1
 40
0.0
176
1
 40
1.0
176
1
 90
0
176
1
 62
18
176
1
 90
50
176
1
 90
3
176
1
 62
5
420
255
176
1
290
0
176
1
 90
50
176
1
 90
50
176
1
 90
50
176
1
290
0
176
1
 90
50
176
1
 62
256
176
0
 40
1.0
176
0
 90
2
176
1
  1
strokes_ogs.tif
176
1
290
0
176
1
 40
1.0
176
1
 40
1.0
176
1
1001
ACAD
1000
AcDbSavedByObjectVersion
1070
0
  0
VISUALSTYLE
  5
15C8B
102
{ACAD_REACTORS
330
15C87
102
}
330
15C87
100
AcDbVisualStyle
  2
GouraudWithEdges
 70
3
177
3
291
1
 70
58
 90
2
176
1
 90
2
176
1
 90
1
176
1
 90
2
176
1
 40
0.6
176
1
 40
30.0
176
1
 62
7
176
1
 90
1
176
1
 90
0
176
1
 62
7
176
1
 62
257
176
1
 90
1
176
1
 90
1
176
1
 40
1.0
176
1
 90
0
176
1
 62
257
176
1
 40
1.0
176
1
 90
1
176
1
 90
6
176
1
 90
2
176
1
 62
7
176
1
 90
5
176
1
 90
0
176
1
 90
0
176
1
290
0
176
1
 90
13
176
1
 40
0.0
176
1
 90
0
176
1
290
0
176
1
290
1
176
1
290
1
176
1
290
0
176
1
290
0
176
1
290
0
176
1
290
0
176
1
290
0
176
1
290
0
176
1
 90
50
176
1
 40
0.0
176
1
 40
1.0
176
1
 90
0
176
1
 62
18
176
1
 90
50
176
1
 90
3
176
1
 62
5
420
255
176
1
290
0
176
1
 90
50
176
1
 90
50
176
1
 90
50
176
1
290
0
176
1
 90
50
176
1
 62
256
176
0
 40
1.0
176
0
 90
2
176
1
  1
strokes_ogs.tif
176
1
290
0
176
1
 40
1.0
176
1
 40
1.0
176
1
1001
ACAD
1000
AcDbSavedByObjectVersion
1070
0
  0
VISUALSTYLE
  5
15C8F
102
{ACAD_REACTORS
330
15C87
102
}
330
15C87
100
AcDbVisualStyle
  2
Hidden
 70
6
177
3
291
0
 70
58
 90
1
176
1
 90
2
176
1
 90
2
176
1
 90
0
176
1
 40
0.6
176
1
 40
30.0
176
1
 62
7
176
1
 90
2
176
1
 90
2
176
1
 62
7
176
1
 62
257
176
1
 90
2
176
1
 90
1
176
1
 40
40.0
176
1
 90
0
176
1
 62
257
176
1
 40
1.0
176
1
 90
1
176
1
 90
6
176
1
 90
2
176
1
 62
7
176
1
 90
3
176
1
 90
0
176
1
 90
0
176
1
290
0
176
1
 90
1
176
1
 40
0.0
176
1
 90
0
176
1
290
0
176
1
290
1
176
1
290
1
176
1
290
0
176
1
290
0
176
1
290
0
176
1
290
0
176
1
290
0
176
1
290
0
176
1
 90
50
176
1
 40
0.0
176
1
 40
1.0
176
1
 90
0
176
1
 62
18
176
1
 90
50
176
1
 90
3
176
1
 62
5
420
255
176
1
290
0
176
1
 90
50
176
1
 90
50
176
1
 90
50
176
1
290
0
176
1
 90
50
176
1
 62
256
176
0
 40
1.0
176
0
 90
2
176
1
  1
strokes_ogs.tif
176
1
290
0
176
1
 40
1.0
176
1
 40
1.0
176
1
1001
ACAD
1000
AcDbSavedByObjectVersion
1070
0
  0
VISUALSTYLE
  5
15C9D
102
{ACAD_REACTORS
330
15C87
102
}
330
15C87
100
AcDbVisualStyle
  2
JitterOff
 70
20
177
3
291
1
 70
58
 90
2
176
0
 90
2
176
0
 90
0
176
0
 90
0
176
0
 40
0.6
176
0
 40
30.0
176
0
 62
7
176
0
 90
1
176
0
 90
4
176
0
 62
7
176
0
 62
257
176
0
 90
1
176
0
 90
1
176
0
 40
1.0
176
0
 90
10
176
2
 62
7
176
0
 40
1.0
176
0
 90
1
176
0
 90
6
176
0
 90
2
176
0
 62
7
176
0
 90
5
176
0
 90
0
176
0
 90
0
176
0
290
0
176
0
 90
1
176
0
 40
0.0
176
0
 90
0
176
0
290
0
176
0
290
1
176
0
290
1
176
0
290
0
176
0
290
0
176
0
290
0
176
0
290
0
176
0
290
0
176
0
290
0
176
0
 90
50
176
0
 40
0.0
176
0
 40
1.0
176
0
 90
0
176
0
 62
18
176
0
 90
50
176
0
 90
3
176
0
 62
5
420
255
176
0
290
0
176
0
 90
50
176
0
 90
50
176
0
 90
50
176
0
290
0
176
0
 90
50
176
0
 62
256
176
0
 40
1.0
176
0
 90
2
176
0
  1
strokes_ogs.tif
176
0
290
0
176
0
 40
1.0
176
0
 40
1.0
176
0
1001
ACAD
1000
AcDbSavedByObjectVersion
1070
0
  0
VISUALSTYLE
  5
15C95
102
{ACAD_REACTORS
330
15C87
102
}
330
15C87
100
AcDbVisualStyle
  2
Linepattern
 70
14
177
3
291
1
 70
58
 90
2
176
1
 90
2
176
1
 90
0
176
1
 90
0
176
1
 40
0.6
176
1
 40
30.0
176
1
 62
7
176
1
 90
1
176
1
 90
4
176
1
 62
7
176
1
 62
257
176
1
 90
7
176
1
 90
7
176
1
 40
1.0
176
1
 90
8
176
1
 62
7
176
1
 40
1.0
176
1
 90
1
176
1
 90
6
176
1
 90
2
176
1
 62
7
176
1
 90
5
176
1
 90
0
176
1
 90
0
176
1
290
0
176
1
 90
1
176
1
 40
0.0
176
1
 90
0
176
1
290
0
176
1
290
1
176
1
290
1
176
1
290
0
176
1
290
0
176
1
290
0
176
1
290
0
176
1
290
0
176
1
290
0
176
1
 90
50
176
1
 40
0.0
176
1
 40
1.0
176
1
 90
0
176
1
 62
18
176
1
 90
50
176
1
 90
3
176
1
 62
5
420
255
176
1
290
0
176
1
 90
50
176
1
 90
50
176
1
 90
50
176
1
290
0
176
1
 90
50
176
1
 62
256
176
0
 40
1.0
176
0
 90
2
176
1
  1
strokes_ogs.tif
176
1
290
0
176
1
 40
1.0
176
1
 40
1.0
176
1
1001
ACAD
1000
AcDbSavedByObjectVersion
1070
0
  0
VISUALSTYLE
  5
15C9E
102
{ACAD_REACTORS
330
15C87
102
}
330
15C87
100
AcDbVisualStyle
  2
OverhangOff
 70
21
177
3
291
1
 70
58
 90
2
176
0
 90
2
176
0
 90
0
176
0
 90
0
176
0
 40
0.6
176
0
 40
30.0
176
0
 62
7
176
0
 90
1
176
0
 90
4
176
0
 62
7
176
0
 62
257
176
0
 90
1
176
0
 90
1
176
0
 40
1.0
176
0
 90
9
176
2
 62
7
176
0
 40
1.0
176
0
 90
1
176
0
 90
6
176
0
 90
2
176
0
 62
7
176
0
 90
5
176
0
 90
0
176
0
 90
0
176
0
290
0
176
0
 90
1
176
0
 40
0.0
176
0
 90
0
176
0
290
0
176
0
290
1
176
0
290
1
176
0
290
0
176
0
290
0
176
0
290
0
176
0
290
0
176
0
290
0
176
0
290
0
176
0
 90
50
176
0
 40
0.0
176
0
 40
1.0
176
0
 90
0
176
0
 62
18
176
0
 90
50
176
0
 90
3
176
0
 62
5
420
255
176
0
290
0
176
0
 90
50
176
0
 90
50
176
0
 90
50
176
0
290
0
176
0
 90
50
176
0
 62
256
176
0
 40
1.0
176
0
 90
2
176
0
  1
strokes_ogs.tif
176
0
290
0
176
0
 40
1.0
176
0
 40
1.0
176
0
1001
ACAD
1000
AcDbSavedByObjectVersion
1070
0
  0
VISUALSTYLE
  5
15C91
102
{ACAD_REACTORS
330
15C87
102
}
330
15C87
100
AcDbVisualStyle
  2
Realistic
 70
8
177
3
291
0
 70
58
 90
2
176
1
 90
2
176
1
 90
0
176
1
 90
2
176
1
 40
0.6
176
1
 40
30.0
176
1
 62
7
176
1
 90
0
176
1
 90
0
176
1
 62
7
176
1
 62
257
176
1
 90
1
176
1
 90
1
176
1
 40
1.0
176
1
 90
8
176
1
 62
257
176
1
 40
1.0
176
1
 90
1
176
1
 90
6
176
1
 90
2
176
1
 62
7
176
1
 90
3
176
1
 90
0
176
1
 90
0
176
1
290
0
176
1
 90
13
176
1
 40
0.0
176
1
 90
0
176
1
290
0
176
1
290
1
176
1
290
1
176
1
290
0
176
1
290
0
176
1
290
0
176
1
290
0
176
1
290
0
176
1
290
0
176
1
 90
50
176
1
 40
0.0
176
1
 40
1.0
176
1
 90
0
176
1
 62
18
176
1
 90
50
176
1
 90
3
176
1
 62
5
420
255
176
1
290
0
176
1
 90
50
176
1
 90
50
176
1
 90
50
176
1
290
0
176
1
 90
50
176
1
 62
256
176
0
 40
1.0
176
0
 90
2
176
1
  1
strokes_ogs.tif
176
1
290
0
176
1
 40
1.0
176
1
 40
1.0
176
1
1001
ACAD
1000
AcDbSavedByObjectVersion
1070
0
  0
VISUALSTYLE
  5
15C9C
102
{ACAD_REACTORS
330
15C87
102
}
330
15C87
100
AcDbVisualStyle
  2
Shaded
 70
27
177
3
291
0
 70
58
 90
2
176
1
 90
2
176
1
 90
1
176
1
 90
2
176
1
 40
0.6
176
1
 40
30.0
176
1
 62
7
176
1
 90
0
176
1
 90
4
176
1
 62
7
176
1
 62
257
176
1
 90
1
176
1
 90
1
176
1
 40
1.0
176
1
 90
8
176
1
 62
257
176
1
 40
1.0
176
1
 90
1
176
1
 90
6
176
1
 90
2
176
1
 62
8
176
1
 90
3
176
1
 90
0
176
1
 90
0
176
1
290
0
176
1
 90
5
176
1
 40
0.0
176
1
 90
0
176
1
290
0
176
1
290
1
176
1
290
1
176
1
290
0
176
1
290
0
176
1
290
0
176
1
290
0
176
1
290
0
176
1
290
0
176
1
 90
50
176
1
 40
0.0
176
1
 40
1.0
176
1
 90
0
176
1
 62
18
176
1
 90
50
176
1
 90
3
176
1
 62
5
420
255
176
1
290
0
176
1
 90
50
176
1
 90
50
176
1
 90
50
176
1
290
0
176
1
 90
50
176
1
 62
256
176
0
 40
1.0
176
0
 90
2
176
1
  1
strokes_ogs.tif
176
1
290
0
176
1
 40
1.0
176
1
 40
1.0
176
1
1001
ACAD
1000
AcDbSavedByObjectVersion
1070
0
  0
VISUALSTYLE
  5
15C9B
102
{ACAD_REACTORS
330
15C87
102
}
330
15C87
100
AcDbVisualStyle
  2
Shaded with edges
 70
26
177
3
291
0
 70
58
 90
2
176
1
 90
2
176
1
 90
1
176
1
 90
2
176
1
 40
0.6
176
1
 40
30.0
176
1
 62
7
176
1
 90
1
176
1
 90
2
176
1
 62
7
176
1
 62
257
176
1
 90
2
176
1
 90
1
176
1
 40
1.0
176
1
 90
8
176
1
 62
257
176
1
 40
1.0
176
1
 90
1
176
1
 90
6
176
1
 90
2
176
1
 62
7
176
1
 90
3
176
1
 90
0
176
1
 90
0
176
1
290
0
176
1
 90
5
176
1
 40
0.0
176
1
 90
0
176
1
290
0
176
1
290
1
176
1
290
1
176
1
290
0
176
1
290
0
176
1
290
0
176
1
290
0
176
1
290
0
176
1
290
0
176
1
 90
50
176
1
 40
0.0
176
1
 40
1.0
176
1
 90
0
176
1
 62
18
176
1
 90
50
176
1
 90
3
176
1
 62
5
420
255
176
1
290
0
176
1
 90
50
176
1
 90
50
176
1
 90
50
176
1
290
0
176
1
 90
50
176
1
 62
256
176
0
 40
1.0
176
0
 90
2
176
1
  1
strokes_ogs.tif
176
1
290
0
176
1
 40
1.0
176
1
 40
1.0
176
1
1001
ACAD
1000
AcDbSavedByObjectVersion
1070
0
  0
VISUALSTYLE
  5
15C98
102
{ACAD_REACTORS
330
15C87
102
}
330
15C87
100
AcDbVisualStyle
  2
Shades of Gray
 70
23
177
3
291
0
 70
58
 90
2
176
1
 90
2
176
1
 90
3
176
1
 90
0
176
1
 40
0.6
176
1
 40
30.0
176
1
 62
7
176
1
 90
2
176
1
 90
2
176
1
 62
7
176
1
 62
7
176
1
 90
1
176
1
 90
1
176
1
 40
40.0
176
1
 90
8
176
1
 62
7
176
1
 40
1.0
176
1
 90
1
176
1
 90
6
176
1
 90
2
176
1
 62
7
176
1
 90
3
176
1
 90
0
176
1
 90
0
176
1
290
0
176
1
 90
1
176
1
 40
0.0
176
1
 90
0
176
1
290
0
176
1
290
1
176
1
290
1
176
1
290
0
176
1
290
0
176
1
290
0
176
1
290
0
176
1
290
0
176
1
290
0
176
1
 90
50
176
1
 40
0.0
176
1
 40
1.0
176
1
 90
0
176
1
 62
18
176
1
 90
50
176
1
 90
3
176
1
 62
5
420
255
176
1
290
0
176
1
 90
50
176
1
 90
50
176
1
 90
50
176
1
290
0
176
1
 90
50
176
1
 62
256
176
0
 40
1.0
176
0
 90
2
176
1
  1
strokes_ogs.tif
176
1
290
0
176
1
 40
1.0
176
1
 40
1.0
176
1
1001
ACAD
1000
AcDbSavedByObjectVersion
1070
0
  0
VISUALSTYLE
  5
15C99
102
{ACAD_REACTORS
330
15C87
102
}
330
15C87
100
AcDbVisualStyle
  2
Sketchy
 70
24
177
3
291
0
 70
58
 90
1
176
1
 90
2
176
1
 90
2
176
1
 90
0
176
1
 40
0.6
176
1
 40
30.0
176
1
 62
7
176
1
 90
2
176
1
 90
2
176
1
 62
7
176
1
 62
7
176
1
 90
1
176
1
 90
1
176
1
 40
40.0
176
1
 90
11
176
1
 62
7
176
1
 40
1.0
176
1
 90
1
176
1
 90
6
176
1
 90
2
176
1
 62
7
176
1
 90
6
176
1
 90
0
176
1
 90
0
176
1
290
0
176
1
 90
1
176
1
 40
0.0
176
1
 90
0
176
1
290
0
176
1
290
1
176
1
290
1
176
1
290
0
176
1
290
0
176
1
290
0
176
1
290
0
176
1
290
0
176
1
290
0
176
1
 90
50
176
1
 40
0.0
176
1
 40
1.0
176
1
 90
0
176
1
 62
18
176
1
 90
50
176
1
 90
3
176
1
 62
5
420
255
176
1
290
0
176
1
 90
50
176
1
 90
50
176
1
 90
50
176
1
290
0
176
1
 90
50
176
1
 62
256
176
0
 40
1.0
176
0
 90
2
176
1
  1
strokes_ogs.tif
176
1
290
0
176
1
 40
1.0
176
1
 40
1.0
176
1
1001
ACAD
1000
AcDbSavedByObjectVersion
1070
0
  0
VISUALSTYLE
  5
15C94
102
{ACAD_REACTORS
330
15C87
102
}
330
15C87
100
AcDbVisualStyle
  2
Thicken
 70
13
177
3
291
1
 70
58
 90
2
176
1
 90
2
176
1
 90
0
176
1
 90
0
176
1
 40
0.6
176
1
 40
30.0
176
1
 62
7
176
1
 90
1
176
1
 90
4
176
1
 62
7
176
1
 62
257
176
1
 90
1
176
1
 90
1
176
1
 40
1.0
176
1
 90
12
176
1
 62
7
176
1
 40
1.0
176
1
 90
1
176
1
 90
6
176
1
 90
2
176
1
 62
7
176
1
 90
5
176
1
 90
0
176
1
 90
0
176
1
290
0
176
1
 90
1
176
1
 40
0.0
176
1
 90
0
176
1
290
0
176
1
290
1
176
1
290
1
176
1
290
0
176
1
290
0
176
1
290
0
176
1
290
0
176
1
290
0
176
1
290
0
176
1
 90
50
176
1
 40
0.0
176
1
 40
1.0
176
1
 90
0
176
1
 62
18
176
1
 90
50
176
1
 90
3
176
1
 62
5
420
255
176
1
290
0
176
1
 90
50
176
1
 90
50
176
1
 90
50
176
1
290
0
176
1
 90
50
176
1
 62
256
176
0
 40
1.0
176
0
 90
2
176
1
  1
strokes_ogs.tif
176
1
290
0
176
1
 40
1.0
176
1
 40
1.0
176
1
1001
ACAD
1000
AcDbSavedByObjectVersion
1070
0
  0
VISUALSTYLE
  5
15C8E
102
{ACAD_REACTORS
330
15C87
102
}
330
15C87
100
AcDbVisualStyle
  2
Wireframe
 70
5
177
3
291
0
 70
58
 90
0
176
1
 90
2
176
1
 90
0
176
1
 90
0
176
1
 40
0.6
176
1
 40
30.0
176
1
 62
7
176
1
 90
1
176
1
 90
4
176
1
 62
7
176
1
 62
257
176
1
 90
1
176
1
 90
1
176
1
 40
1.0
176
1
 90
0
176
1
 62
257
176
1
 40
1.0
176
1
 90
1
176
1
 90
6
176
1
 90
2
176
1
 62
7
176
1
 90
3
176
1
 90
0
176
1
 90
0
176
1
290
0
176
1
 90
1
176
1
 40
0.0
176
1
 90
0
176
1
290
0
176
1
290
1
176
1
290
1
176
1
290
0
176
1
290
0
176
1
290
0
176
1
290
0
176
1
290
0
176
1
290
0
176
1
 90
50
176
1
 40
0.0
176
1
 40
1.0
176
1
 90
0
176
1
 62
18
176
1
 90
50
176
1
 90
3
176
1
 62
5
420
255
176
1
290
0
176
1
 90
50
176
1
 90
50
176
1
 90
50
176
1
290
0
176
1
 90
50
176
1
 62
256
176
0
 40
1.0
176
0
 90
2
176
1
  1
strokes_ogs.tif
176
1
290
0
176
1
 40
1.0
176
1
 40
1.0
176
1
1001
ACAD
1000
AcDbSavedByObjectVersion
1070
0
  0
VISUALSTYLE
  5
15C9A
102
{ACAD_REACTORS
330
15C87
102
}
330
15C87
100
AcDbVisualStyle
  2
X-Ray
 70
25
177
3
291
0
 70
58
 90
2
176
1
 90
2
176
1
 90
1
176
1
 90
1
176
1
 40
0.5
176
1
 40
30.0
176
1
 62
7
176
1
 90
1
176
1
 90
0
176
1
 62
7
176
1
 62
257
176
1
 90
1
176
1
 90
1
176
1
 40
1.0
176
1
 90
8
176
1
 62
7
176
1
 40
1.0
176
1
 90
1
176
1
 90
6
176
1
 90
2
176
1
 62
7
176
1
 90
3
176
1
 90
0
176
1
 90
0
176
1
290
0
176
1
 90
13
176
1
 40
0.0
176
1
 90
0
176
1
290
0
176
1
290
1
176
1
290
1
176
1
290
0
176
1
290
0
176
1
290
0
176
1
290
0
176
1
290
0
176
1
290
0
176
1
 90
50
176
1
 40
0.0
176
1
 40
1.0
176
1
 90
0
176
1
 62
18
176
1
 90
50
176
1
 90
3
176
1
 62
5
420
255
176
1
290
0
176
1
 90
50
176
1
 90
50
176
1
 90
50
176
1
290
0
176
1
 90
50
176
1
 62
256
176
0
 40
1.0
176
0
 90
2
176
1
  1
strokes_ogs.tif
176
1
290
0
176
1
 40
1.0
176
1
 40
1.0
176
1
1001
ACAD
1000
AcDbSavedByObjectVersion
1070
0
  0
DICTIONARYVAR
  5
15D92
102
{ACAD_REACTORS
330
165
102
}
330
165
100
DictionaryVariables
280
0
  1
1:1
  0
DICTIONARYVAR
  5
15D8F
102
{ACAD_REACTORS
330
165
102
}
330
165
100
DictionaryVariables
280
0
  1
STANDARD
  0
DICTIONARYVAR
  5
2082
102
{ACAD_REACTORS
330
165
102
}
330
165
100
DictionaryVariables
280
0
  1
STANDARD
  0
DICTIONARYVAR
  5
15D90
102
{ACAD_REACTORS
330
165
102
}
330
165
100
DictionaryVariables
280
0
  1
Metric50
  0
DICTIONARYVAR
  5
15D91
102
{ACAD_REACTORS
330
165
102
}
330
165
100
DictionaryVariables
280
0
  1
Metric50
  0
DICTIONARYVAR
  5
166
102
{ACAD_REACTORS
330
165
102
}
330
165
100
DictionaryVariables
280
0
  1
2
  0
DICTIONARYVAR
  5
4E80B4
102
{ACAD_REACTORS
330
165
102
}
330
165
100
DictionaryVariables
280
0
  1
GRF-CTA
  0
DICTIONARYVAR
  5
19DF4
102
{ACAD_REACTORS
330
165
102
}
330
165
100
DictionaryVariables
280
0
  1
BYLAYER
  0
DICTIONARYVAR
  5
2A82C6
102
{ACAD_REACTORS
330
165
102
}
330
165
100
DictionaryVariables
280
0
  1
GRF-HTC
  0
DICTIONARYVAR
  5
3CDD3
102
{ACAD_REACTORS
330
165
102
}
330
165
100
DictionaryVariables
280
0
  1
1442.383390;31.794825
  0
DICTIONARYVAR
  5
19DF3
102
{ACAD_REACTORS
330
165
102
}
330
165
100
DictionaryVariables
280
0
  1
ByLayer
  0
DICTIONARYVAR
  5
15D94
102
{ACAD_REACTORS
330
165
102
}
330
165
100
DictionaryVariables
280
0
  1
0
  0
DICTIONARYVAR
  5
32EFF
102
{ACAD_REACTORS
330
165
102
}
330
165
100
DictionaryVariables
280
0
  1
1
  0
DICTIONARYVAR
  5
32F00
102
{ACAD_REACTORS
330
165
102
}
330
165
100
DictionaryVariables
280
0
  1
15
  0
DICTIONARYVAR
  5
289E49
102
{ACAD_REACTORS
330
165
102
}
330
165
100
DictionaryVariables
280
0
  1
2
  0
DICTIONARYVAR
  5
32EFD
102
{ACAD_REACTORS
330
165
102
}
330
165
100
DictionaryVariables
280
0
  1
0
  0
DICTIONARYVAR
  5
302F
102
{ACAD_REACTORS
330
165
102
}
330
165
100
DictionaryVariables
280
0
  1

  0
DICTIONARYVAR
  5
289E4A
102
{ACAD_REACTORS
330
165
102
}
330
165
100
DictionaryVariables
280
0
  1
1
  0
DICTIONARYVAR
  5
15D93
102
{ACAD_REACTORS
330
165
102
}
330
165
100
DictionaryVariables
280
0
  1
127
  0
DICTIONARY
  5
4ECF70
102
{ACAD_REACTORS
330
4ECF6E
102
}
330
4ECF6E
100
AcDbDictionary
281
1
  0
DICTIONARY
  5
4ECF6F
102
{ACAD_REACTORS
330
4ECF6E
102
}
330
4ECF6E
100
AcDbDictionary
281
1
  3
1972656567936
350
4ECF68
  3
1972656567952
350
4ECF69
  3
1972656567968
350
4ECF6A
  3
1972656567984
350
4ECF6B
  3
1972656568000
350
4ECF6C
  3
1972656568016
350
4ECF6D
  0
XRECORD
  5
29D6B9
102
{ACAD_REACTORS
330
29D6B7
102
}
330
29D6B7
100
AcDbXrecord
280
1
330
0
330
0
330
0
330
0
330
0
330
0
330
0
330
0
330
0
330
0
330
0
330
0
330
0
330
0
330
0
330
0
330
0
330
0
330
0
330
0
330
0
330
0
330
0
330
0
330
0
330
0
330
0
330
0
330
0
330
0
330
0
330
0
330
0
330
0
330
0
330
0
330
0
330
0
330
0
330
0
330
0
330
0
330
0
330
0
330
0
330
0
330
0
330
0
330
0
330
0
330
0
330
0
330
0
330
0
330
0
330
0
330
0
330
0
330
0
330
0
330
0
330
0
330
0
330
0
330
0
330
0
330
0
330
0
330
0
330
0
330
0
330
0
330
0
330
0
330
0
330
0
330
0
330
0
330
0
330
0
330
0
330
0
330
0
330
0
330
0
330
0
330
0
330
0
330
0
330
0
330
0
330
0
330
0
330
0
330
0
330
0
330
0
330
0
330
0
330
0
330
0
330
0
330
0
330
0
330
0
330
0
330
0
330
0
330
0
330
0
330
0
330
0
330
0
330
0
330
0
330
0
330
0
330
0
330
0
330
0
330
0
330
0
330
0
330
0
330
0
330
0
330
0
330
0
330
0
330
0
330
0
330
0
330
0
330
0
330
0
330
0
330
0
330
0
330
0
330
0
330
0
330
0
330
0
330
0
330
0
330
0
330
0
330
0
330
0
330
0
330
0
330
0
330
0
330
0
330
0
330
0
330
0
330
0
330
0
330
0
330
0
330
0
330
0
330
0
330
0
330
0
330
0
330
0
330
0
330
0
330
0
330
0
330
0
330
0
330
0
330
0
330
0
330
0
330
0
330
0
330
0
330
0
330
0
330
0
330
0
330
0
330
0
330
0
330
0
330
0
330
0
330
0
330
0
330
0
330
0
330
0
330
0
330
0
330
0
330
0
330
0
330
0
330
0
330
0
330
0
330
0
330
0
330
0
330
0
330
0
330
0
330
0
330
0
330
0
330
0
330
0
330
0
330
0
330
0
330
0
330
0
330
0
330
0
330
0
330
0
330
0
330
0
330
0
330
0
330
0
330
0
330
0
330
0
330
0
330
0
330
0
330
0
330
0
330
0
330
0
330
0
330
0
330
0
330
0
330
0
330
0
330
0
330
0
330
0
330
0
330
0
330
0
330
0
330
0
330
0
330
0
330
0
330
0
330
0
330
0
330
0
330
0
330
0
330
0
330
0
330
0
330
0
330
0
330
0
330
0
330
0
330
0
330
0
330
0
330
0
330
0
330
0
330
0
330
0
330
0
330
0
330
0
330
0
330
0
330
0
330
0
330
0
330
0
330
0
330
0
330
0
330
0
330
0
330
0
330
0
330
0
330
0
330
0
330
0
330
0
330
0
330
0
330
0
330
0
330
0
330
0
330
0
330
0
330
0
330
0
330
0
330
0
330
0
330
0
330
0
330
0
330
0
330
0
330
0
330
0
330
0
330
0
330
0
330
0
330
0
330
0
330
0
330
0
330
0
330
0
330
0
330
0
330
0
330
0
330
0
330
0
330
0
330
0
330
0
330
0
330
0
330
0
330
0
330
0
330
0
330
0
330
0
330
0
330
0
330
0
330
0
330
0
330
0
330
0
330
0
330
0
330
0
330
0
330
0
330
0
330
0
330
0
330
0
330
0
330
0
330
0
330
0
330
0
330
0
330
0
330
0
330
0
330
0
330
0
330
0
330
0
330
0
330
0
330
0
330
0
330
0
330
0
330
0
330
0
330
0
330
0
330
0
330
0
330
0
330
0
330
0
330
0
330
0
330
0
330
0
330
0
330
0
330
0
330
0
330
0
330
0
330
0
330
0
330
0
330
0
330
0
330
0
330
0
330
0
330
0
330
0
330
0
330
0
330
0
330
0
330
0
330
0
330
0
330
0
330
0
330
0
330
0
330
0
330
0
330
0
330
0
330
0
330
0
330
0
330
0
330
0
330
0
330
0
330
0
330
0
330
0
330
0
330
0
330
0
330
0
330
0
330
0
330
0
330
0
330
0
330
0
330
0
330
0
330
0
330
0
330
0
330
0
330
0
330
0
330
0
330
0
330
0
330
0
330
0
330
0
330
0
330
0
330
0
330
0
330
0
330
0
330
0
330
0
330
0
330
0
330
0
330
0
330
0
330
0
330
0
330
0
330
0
330
0
330
0
330
0
330
0
330
0
330
0
330
0
330
0
330
0
330
0
330
0
330
0
330
0
330
0
330
0
330
0
330
0
330
0
330
0
330
0
330
0
330
0
330
0
330
0
330
0
330
0
330
0
330
0
330
0
330
0
330
0
330
0
330
0
330
0
330
0
330
0
330
0
330
0
330
0
330
0
330
0
330
0
330
0
330
0
330
0
330
0
330
0
330
0
330
0
330
0
330
0
330
0
330
0
330
0
330
0
330
0
330
0
330
0
330
0
330
0
330
0
330
0
330
0
330
0
330
0
330
0
330
0
330
0
330
0
330
0
330
0
330
0
330
0
330
0
330
0
330
0
330
0
330
0
330
0
330
0
330
0
330
0
330
0
330
0
330
0
330
0
330
0
330
0
330
0
330
0
330
0
330
0
330
0
330
0
330
0
330
0
330
0
330
0
330
0
330
0
330
0
330
0
330
0
330
0
330
0
330
0
330
0
330
0
330
0
330
0
330
0
330
0
330
0
330
0
330
0
330
0
330
0
330
0
330
0
330
0
330
0
330
0
330
0
330
0
330
0
330
0
330
0
330
0
330
0
330
0
330
0
330
0
330
0
330
0
330
0
330
0
330
0
330
0
330
0
330
0
330
0
330
0
330
0
330
0
330
0
330
0
330
0
330
0
330
0
330
0
330
0
330
0
330
0
330
0
330
0
330
0
330
0
330
0
330
0
330
0
330
0
330
0
330
0
330
0
330
0
330
0
330
0
330
0
330
0
330
0
330
0
330
0
330
0
330
0
330
0
330
0
330
0
330
0
330
0
330
0
330
0
330
0
330
0
330
0
330
0
330
0
330
0
330
0
330
0
330
0
330
0
330
0
330
0
330
0
330
0
330
0
330
0
330
0
330
0
330
0
330
0
330
0
330
0
330
0
330
0
330
0
330
0
330
0
330
0
330
0
330
0
330
0
330
0
330
0
330
0
330
0
330
0
330
0
330
0
330
0
330
0
330
0
330
0
330
0
330
0
330
0
330
0
330
0
330
0
330
0
330
0
330
0
330
0
330
0
330
0
330
0
330
0
330
0
330
0
330
0
330
0
330
0
330
0
330
0
330
0
330
0
330
0
330
0
330
0
330
0
330
0
330
0
330
0
330
0
330
0
330
0
330
0
330
0
330
0
330
0
330
0
330
0
330
0
330
0
330
0
330
0
330
0
330
0
330
0
330
0
330
0
330
0
330
0
330
0
330
0
330
0
330
0
330
0
330
0
330
0
330
0
330
0
330
0
330
0
330
0
330
0
330
0
330
0
330
0
330
0
330
0
330
0
330
0
330
0
330
0
330
0
330
0
330
0
330
0
330
0
330
0
330
0
330
0
330
0
330
0
330
93
330
0
330
0
330
0
330
0
330
0
330
0
330
0
330
0
330
0
330
0
330
0
330
0
330
0
330
0
330
0
330
0
330
0
330
0
330
0
330
0
330
0
330
0
330
0
330
0
330
0
330
0
330
0
330
0
330
0
330
0
330
0
330
0
330
0
330
0
330
0
330
0
330
0
330
0
330
0
330
0
330
0
330
0
330
0
330
0
330
0
330
0
330
0
330
0
330
0
330
0
330
0
330
0
330
0
330
0
330
0
330
0
330
0
330
0
330
0
330
0
330
0
330
0
330
0
330
0
330
0
330
0
330
0
330
0
330
0
330
0
330
0
330
0
330
0
330
0
330
0
330
0
330
0
330
0
330
0
330
0
330
0
330
0
330
0
330
0
330
0
330
0
330
0
330
0
330
0
330
0
330
0
330
0
330
0
330
0
330
0
330
0
330
0
330
0
330
0
330
0
330
0
330
0
330
0
330
0
330
0
330
0
330
0
330
0
330
0
330
0
330
0
330
0
330
0
330
0
330
0
330
0
330
0
330
0
330
0
330
0
330
0
330
0
330
0
330
0
330
0
330
0
330
0
330
0
330
0
330
0
330
0
330
0
330
0
330
0
330
0
330
0
330
0
330
0
330
0
330
0
330
0
330
0
330
0
330
0
330
0
330
0
330
0
330
0
330
0
330
0
330
0
330
0
330
0
330
0
330
0
330
0
330
0
330
0
330
0
330
0
330
0
330
0
330
0
330
0
330
0
330
0
330
0
330
0
330
0
330
0
330
0
330
0
330
0
330
0
330
0
330
0
330
0
330
0
330
0
330
0
330
0
330
0
330
0
330
0
330
0
330
0
330
0
330
0
330
0
330
0
330
0
330
0
330
0
330
0
330
0
330
0
330
0
330
0
330
0
330
0
330
0
330
0
330
0
330
0
330
0
330
0
330
0
330
0
330
0
330
0
330
0
330
0
330
0
330
0
330
0
330
0
330
0
330
0
330
0
330
0
330
0
330
0
330
0
330
0
330
0
330
0
330
0
330
0
330
0
330
0
330
0
330
0
330
0
330
0
330
0
330
0
330
0
330
0
330
0
330
0
330
0
330
0
330
0
330
0
330
0
330
0
330
0
330
0
330
0
330
0
330
0
330
0
330
0
330
0
330
0
330
0
330
0
330
0
330
0
330
0
330
0
330
0
330
0
330
0
330
0
330
0
330
0
330
0
330
0
330
0
330
0
330
0
330
0
330
0
330
0
330
0
330
0
330
0
330
0
330
0
330
0
330
0
330
0
330
0
330
0
330
0
330
0
330
0
330
0
330
0
330
0
330
0
330
0
330
0
330
0
330
0
330
0
330
0
330
0
330
0
330
0
330
0
330
0
330
0
330
0
330
0
330
0
330
0
330
0
330
0
330
0
330
0
330
0
330
0
330
0
330
0
330
0
330
0
330
0
330
0
330
0
330
0
330
0
330
0
330
0
330
0
330
0
330
0
330
0
330
0
330
0
330
0
330
0
330
0
330
0
330
0
330
0
330
0
330
0
330
0
330
0
330
0
330
0
330
0
330
0
330
0
330
0
330
0
330
0
330
0
330
0
330
0
330
0
330
0
330
0
330
0
330
0
330
0
330
0
330
0
330
0
330
0
330
0
330
0
330
0
330
0
330
0
330
0
330
0
330
0
330
0
330
0
330
0
330
0
330
0
330
0
330
0
330
0
330
0
330
0
330
0
330
0
330
0
330
0
330
0
330
0
330
0
330
0
330
0
330
0
330
0
330
0
330
0
330
0
330
0
330
0
330
0
330
0
330
0
330
0
330
0
330
0
330
0
330
0
330
0
330
0
330
0
330
0
330
0
330
0
330
0
330
0
330
0
330
0
330
0
330
0
330
0
330
0
330
0
330
0
330
0
330
0
330
0
330
0
330
0
330
0
330
0
330
0
330
0
330
0
330
0
330
0
330
0
330
0
330
0
330
0
330
0
330
0
330
0
330
0
330
0
330
0
330
0
330
0
330
0
330
0
330
0
330
0
330
0
330
0
330
0
330
0
330
0
330
0
330
0
330
0
330
0
330
0
330
0
330
0
330
0
330
0
330
0
330
0
330
0
330
0
330
0
330
0
330
0
330
0
330
0
330
0
330
0
330
0
330
0
330
0
330
0
330
0
330
0
330
0
330
0
330
0
330
0
330
0
330
0
330
0
330
0
330
0
330
0
330
0
330
0
330
0
330
0
330
0
330
0
330
0
330
0
330
0
330
0
330
0
330
0
330
0
330
0
330
0
330
0
330
0
330
0
330
0
330
0
330
0
330
0
330
0
330
0
330
0
330
0
330
0
330
0
330
0
330
0
330
0
330
0
330
0
330
0
330
0
330
0
330
0
330
0
330
0
330
0
330
0
330
0
330
0
330
0
330
0
330
0
330
0
330
0
330
0
330
0
330
0
330
0
330
0
330
0
330
0
330
0
330
0
330
0
330
0
330
0
330
0
330
0
330
0
330
0
330
0
330
0
330
0
330
0
330
0
330
0
330
0
330
0
330
0
330
0
330
0
330
0
330
0
330
0
330
0
330
0
330
0
330
0
330
0
330
0
330
0
330
0
330
0
330
0
330
0
330
0
330
0
330
0
330
0
330
0
330
0
330
0
330
0
330
0
330
0
330
0
330
0
330
0
330
0
330
0
330
0
330
0
330
0
330
0
330
0
330
0
330
0
330
0
330
0
330
0
330
0
330
0
330
0
330
0
330
0
330
0
330
0
330
0
330
0
330
0
330
0
330
0
330
0
330
0
330
0
330
0
330
0
330
0
330
0
330
0
330
0
330
0
330
0
330
0
330
0
330
0
330
0
330
0
330
0
330
0
330
0
330
0
330
0
330
0
330
0
330
0
330
0
330
0
330
0
330
0
330
0
330
0
330
0
330
0
330
0
330
0
330
0
330
0
330
0
330
0
330
0
330
0
330
0
330
0
330
0
330
0
330
0
330
0
330
0
330
0
330
0
330
0
330
0
330
0
330
0
330
0
330
0
330
0
330
0
330
0
330
0
330
0
330
0
330
0
330
0
330
0
330
0
330
0
330
0
330
0
330
0
330
0
330
0
330
0
330
0
330
0
330
0
330
0
330
0
330
0
330
0
330
0
330
0
330
0
330
0
330
0
330
0
330
0
330
0
330
0
330
0
330
0
330
0
330
0
330
0
330
0
330
0
330
0
330
0
330
0
330
0
330
0
330
0
330
0
330
0
330
0
330
0
330
0
330
0
330
0
330
0
330
0
330
0
330
0
330
0
330
0
330
0
330
0
330
0
330
0
330
0
330
0
330
0
330
0
330
0
330
0
330
0
330
0
330
0
330
0
330
0
330
0
330
0
330
0
330
0
330
0
330
0
330
0
330
0
330
0
330
0
330
0
330
0
330
0
330
0
330
0
330
0
330
0
330
0
330
0
330
0
330
0
330
0
330
0
330
0
330
0
330
0
330
0
330
0
330
0
330
0
330
0
330
0
330
0
330
0
330
0
330
0
330
0
330
0
330
0
330
0
330
0
330
0
330
0
330
0
330
0
330
0
330
0
330
0
330
0
330
0
330
0
330
0
330
0
330
0
330
0
330
0
330
0
330
0
330
0
330
0
330
0
330
0
330
0
330
0
330
0
330
0
330
0
330
0
330
0
330
0
330
0
330
0
330
0
330
0
330
0
330
0
330
0
330
0
330
0
330
0
330
0
330
0
330
0
330
0
330
0
330
0
330
0
330
0
330
0
330
0
330
0
330
0
330
0
330
0
330
0
330
0
330
0
330
0
330
0
330
0
330
0
330
0
330
0
330
0
330
0
330
0
330
0
330
0
330
0
330
0
330
0
330
0
330
0
330
0
330
0
330
0
330
0
330
0
330
0
330
0
330
0
330
0
330
0
330
0
330
0
330
0
330
0
330
0
330
0
330
0
330
0
330
0
330
0
330
0
330
0
330
0
330
0
330
0
330
0
330
0
330
0
330
0
330
0
330
0
330
0
330
0
330
0
330
0
330
0
330
0
330
0
330
0
330
0
330
0
330
0
330
0
330
0
330
0
330
0
330
0
330
0
330
0
330
0
330
0
330
0
330
0
330
0
330
0
330
0
330
0
330
0
330
0
330
0
330
0
330
0
330
0
330
0
330
0
330
0
330
0
330
0
330
0
330
0
330
0
330
0
330
0
330
0
330
0
330
0
330
0
330
0
330
0
330
0
330
0
330
0
330
0
330
0
330
0
330
0
330
0
330
0
330
0
330
0
330
0
330
0
330
0
330
0
330
0
330
0
330
0
330
0
330
0
330
0
330
0
330
0
330
0
330
0
330
0
330
0
330
0
330
0
330
0
330
0
330
0
330
0
330
0
330
0
330
0
330
0
330
0
330
0
  0
VLO-VL
  5
1AB
102
{ACAD_REACTORS
330
197
102
}
330
197
100
vlo_VL
 90
-64512
 91
12
 92
1
 40
0.2
300
(&VLO-R . 0)
  0
VLO-VL
  5
1A1
102
{ACAD_REACTORS
330
197
102
}
330
197
100
vlo_VL
 90
-64512
 91
3
 92
0
300
256
  0
VLO-VL
  5
1AD
102
{ACAD_REACTORS
330
197
102
}
330
197
100
vlo_VL
 90
-64512
 91
1
 92
0
300
0
  0
VLO-VL
  5
198
102
{ACAD_REACTORS
330
197
102
}
330
197
100
vlo_VL
 90
-64512
 91
3
 92
0
300
100
  0
VLO-VL
  5
1BD
102
{ACAD_REACTORS
330
197
102
}
330
197
100
vlo_VL
 90
-64512
 91
5
 92
0
300
"cm."
  0
VLO-VL
  5
1A0
102
{ACAD_REACTORS
330
197
102
}
330
197
100
vlo_VL
 90
-64512
 91
1
 92
0
300
1
  0
VLO-VL
  5
1B1
102
{ACAD_REACTORS
330
197
102
}
330
197
100
vlo_VL
 90
-64512
 91
12
 92
1
 40
50.0
300
(&VLO-R . 0)
  0
VLO-VL
  5
19D
102
{ACAD_REACTORS
330
197
102
}
330
197
100
vlo_VL
 90
-64512
 91
12
 92
0
300
"ROMANS.SHX"
  0
VLO-VL
  5
1AC
102
{ACAD_REACTORS
330
197
102
}
330
197
100
vlo_VL
 90
-64512
 91
12
 92
1
 40
0.09
300
(&VLO-R . 0)
  0
VLO-VL
  5
1A4
102
{ACAD_REACTORS
330
197
102
}
330
197
100
vlo_VL
 90
-64512
 91
4
 92
0
300
"80"
  0
VLO-VL
  5
19F
102
{ACAD_REACTORS
330
197
102
}
330
197
100
vlo_VL
 90
-64512
 91
7
 92
0
300
"COTAS"
  0
VLO-VL
  5
1A2
102
{ACAD_REACTORS
330
197
102
}
330
197
100
vlo_VL
 90
-64512
 91
9
 92
0
300
"JANELAS"
  0
VLO-VL
  5
1A3
102
{ACAD_REACTORS
330
197
102
}
330
197
100
vlo_VL
 90
-64512
 91
8
 92
0
300
"PORTAS"
  0
VLO-VL
  5
1A5
102
{ACAD_REACTORS
330
197
102
}
330
197
100
vlo_VL
 90
-64512
 91
17
 92
0
300
"Textos pequenos"
  0
VLO-VL
  5
1A6
102
{ACAD_REACTORS
330
197
102
}
330
197
100
vlo_VL
 90
-64512
 91
15
 92
0
300
"Textos medios"
  0
VLO-VL
  5
1AA
102
{ACAD_REACTORS
330
197
102
}
330
197
100
vlo_VL
 90
-64512
 91
16
 92
0
300
"Textos grandes"
  0
VLO-VL
  5
19C
102
{ACAD_REACTORS
330
197
102
}
330
197
100
vlo_VL
 90
-64512
 91
10
 92
0
300
"ARCHTICK"
  0
VLO-VL
  5
1A9
102
{ACAD_REACTORS
330
197
102
}
330
197
100
vlo_VL
 90
-64512
 91
2
 92
0
300
28
  0
VLO-VL
  5
1A8
102
{ACAD_REACTORS
330
197
102
}
330
197
100
vlo_VL
 90
-64512
 91
2
 92
0
300
14
  0
VLO-VL
  5
1A7
102
{ACAD_REACTORS
330
197
102
}
330
197
100
vlo_VL
 90
-64512
 91
1
 92
0
300
7
  0
VLO-VL
  5
19B
102
{ACAD_REACTORS
330
197
102
}
330
197
100
vlo_VL
 90
-64512
 91
12
 92
1
 40
1.0
300
(&VLO-R . 0)
  0
VLO-VL
  5
1BE
102
{ACAD_REACTORS
330
197
102
}
330
197
100
vlo_VL
 90
-64512
 91
8
 92
0
300
"Metros"
  0
DICTIONARY
  5
4ECF77
330
1E729
100
AcDbDictionary
281
1
  3
ACAD_XREC_ROUNDTRIP
360
4ECF78
  0
DICTIONARY
  5
4ECF73
330
15CB7
100
AcDbDictionary
281
1
  3
ACAD_XREC_ROUNDTRIP
360
4ECF74
  0
DICTIONARY
  5
29D1B1
330
13B
100
AcDbDictionary
281
1
  0
DICTIONARY
  5
244D7
330
2123
100
AcDbDictionary
281
1
  3
FBXASSET
360
244D8
  0
XRECORD
  5
286478
102
{ACAD_REACTORS
330
33F8A
102
}
330
33F8A
100
AcDbXrecord
280
1
102
ACAD_MENTALRAY_SETTING_RT
330
32CFD
 70
1
  0
XRECORD
  5
33F8B
102
{ACAD_REACTORS
330
33F8A
102
}
330
33F8A
100
AcDbXrecord
280
1
 70
2
 71
3
 72
0
  0
DICTIONARY
  5
4ECF75
330
1E728
100
AcDbDictionary
281
1
  3
ACAD_XREC_ROUNDTRIP
360
4ECF76
  0
DICTIONARY
  5
4ECF71
330
15CB5
100
AcDbDictionary
281
1
  3
ACAD_XREC_ROUNDTRIP
360
4ECF72
  0
DICTIONARY
  5
15D15
330
1C4
100
AcDbDictionary
281
1
  3
ACAD_ROUNDTRIP_2008_TABLESTYLE_CELLSTYLEMAP
360
4ECF66
  0
XRECORD
  5
4ECF68
102
{ACAD_REACTORS
330
4ECF6F
102
}
330
4ECF6F
100
AcDbXrecord
280
1
  1
AcDb3DSolid_ASM_Data
102
{ATTRRECORD
341
4ECF6A
  2
AcDbDs::TreatedAsObjectData
280
1
291
1
102
ATTRRECORD}
102
{ATTRRECORD
341
4ECF6B
  2
AcDbDs::Legacy
280
1
291
1
102
ATTRRECORD}
  2
AcDbDs::ID
280
10
 91
8
102
{ATTRRECORD
341
4ECF6C
  2
AcDs:Indexable
280
1
291
1
102
ATTRRECORD}
102
{ATTRRECORD
341
4ECF6D
  2
AcDbDs::HandleAttribute
280
7
282
1
102
ATTRRECORD}
  2
ASM_Data
280
15
 91
0
  0
XRECORD
  5
4ECF69
102
{ACAD_REACTORS
330
4ECF6F
102
}
330
4ECF6F
100
AcDbXrecord
280
1
  1
AcDb_Thumbnail_Schema
102
{ATTRRECORD
341
4ECF6A
  2
AcDbDs::TreatedAsObjectData
280
1
291
1
102
ATTRRECORD}
102
{ATTRRECORD
341
4ECF6B
  2
AcDbDs::Legacy
280
1
291
1
102
ATTRRECORD}
  2
AcDbDs::ID
280
10
 91
8
102
{ATTRRECORD
341
4ECF6C
  2
AcDs:Indexable
280
1
291
1
102
ATTRRECORD}
102
{ATTRRECORD
341
4ECF6D
  2
AcDbDs::HandleAttribute
280
7
282
1
102
ATTRRECORD}
  2
Thumbnail_Data
280
15
 91
0
  0
XRECORD
  5
4ECF6A
102
{ACAD_REACTORS
330
4ECF6F
102
}
330
4ECF6F
100
AcDbXrecord
280
1
  1
AcDbDs::TreatedAsObjectDataSchema
  2
AcDbDs::TreatedAsObjectData
280
1
 91
0
  0
XRECORD
  5
4ECF6B
102
{ACAD_REACTORS
330
4ECF6F
102
}
330
4ECF6F
100
AcDbXrecord
280
1
  1
AcDbDs::LegacySchema
  2
AcDbDs::Legacy
280
1
 91
0
  0
XRECORD
  5
4ECF6C
102
{ACAD_REACTORS
330
4ECF6F
102
}
330
4ECF6F
100
AcDbXrecord
280
1
  1
AcDbDs::IndexedPropertySchema
  2
AcDs:Indexable
280
1
 91
0
  0
XRECORD
  5
4ECF6D
102
{ACAD_REACTORS
330
4ECF6F
102
}
330
4ECF6F
100
AcDbXrecord
280
1
  1
AcDbDs::HandleAttributeSchema
  2
AcDbDs::HandleAttribute
280
7
 91
1
284
1
  0
XRECORD
  5
4ECF78
102
{ACAD_REACTORS
330
4ECF77
102
}
330
4ECF77
100
AcDbXrecord
280
1
102
DISPLAYNAME
  1
Imperial24
102
FLAGS
 90
0
  0
XRECORD
  5
4ECF74
102
{ACAD_REACTORS
330
4ECF73
102
}
330
4ECF73
100
AcDbXrecord
280
1
102
DISPLAYNAME
  1
Metric50
102
FLAGS
 90
0
  0
XRECORD
  5
244D8
102
{ACAD_REACTORS
330
244D7
102
}
330
244D7
100
AcDbXrecord
280
1
 70
1
 90
2070111275
 71
1
  1
5EB0534E-7A43-45D5-AA43-2BB02279268E
311
504B03041400060808002F61454D83FB99470F010000A80100004F00000044313833413242422D464137332D344444412D393636442D3936464144413334333539302F4173736574446174612F446566696E6974696F6E4974657261746F7250726F706572746965732E62696E7550CD4AC430108E827F070F820FE0C16B4C
311
B649DB54F067DAB482E0451F40B235EE16B2EDB269F1BA471F61DF56275A61511CF8662633936FBEE49D10F2311AA66407B1467F8CF1CEB676D5D44FF5DC2E0CD90F15D74D8D3BC74CA85415324E292F2A49A52A80AA24AF285730115A560022DAC5B90384B6AF66707DA07C687C6D9D33ADED067F828571C7D9C2F4B8CBB8
311
8B70E9889010D608F2D3F08169F6AD28887C439897E5E58DF1DEF6574C4F948028CF6905A9A0526BA05992687415681052C419678FD677C3AAB69EC565CE63214B9A82C4F158C71442860C3C8AD22C4A54C9FAF910BEE634C898B6A6718CB351C2F3B29D61F98F6DFFE576F3160F80B83EBCFF2A6FF6D6E115FFDA6F9E4F50
311
4B03041400060808002F61454D98A66AC831010000300200004500000044313833413242422D464137332D344444412D393636442D3936464144413334333539302F4173736574446174612F496E7374616E636550726F706572746965732E62696E6D51CD4AC340105E7FC08B4A1FA1941EEA614DB2C9260DC4FC47F15CF0
311
249435D9D2409A422CEA31C7DE7C1EAF3E830FE023E4E25967D39828E9C0EC7CF3CDF7EDC2CE1621F4DD0440740059C27906F586E7BC48E359BCE42B36068246BE4C552DC286A7A958A321C59E40C4F765420C93E8D3E8A4330A8BAA686144A889A9262C3A51B07FED8758315439D083C0F4221364F5BBE8E2FEF5FD6BF2E1
311
403D04AE84FCEDEB0A3D44E5ECD4080D5C34A8A9FA18BB1DDE8BC0B88B16EC9501D90AAA23E84AC8C6FAD9D453A0FA21FEB19BB497F484C99BDBE3FE117DABB87AF2475339C7D0896D9D43CE9ED9265E62BF6079C21331118B9B177C51B07893AEF3790A8397916DE56CC587D93A6619BF1A2D1E80BABBB524C1DA43EB8965
311
B672491553C454867D5245D50D62496262498F31FB01504B03041400060808002F61454D88E57597CD3F0000904100006B00000044313833413242422D464137332D344444412D393636442D3936464144413334333539302F5265736F75726365732F35454230353334452D374134332D343544352D414134332D32424230
311
32323739323638452F7468756D626E61696C2F302F67656E657269635F706E67355B773CD4FF1FBF73E71C0E67EF7576C9DEF3EC995D46C6A1EC5046649CBDF79E192942562825CE965D8A868C2842C8DE9FDFD1F7E7F138F7078FCF6B3F5FCFD7EBFDFEC41B196891913091804020321D6D7513FC77D8C5070EC3FFEE51B2
311
1F068154CC75D455CC028A3EA68992803810109FDDE5D5CEC5521B28A1B422BF80741695D5B529DA1C2D058AD2388BDA9F476F7C2CADC939304173DBF48A452BF8A700C0C70C3D121C1AA15A5270C22E2B9E28763651F7DA0D12CE11077B2ECD0D560B5E3DE2368B1E65C5E1C87384A4CC5F2D9FB8BE39E9B77C753783A379
311
98F5CEF1B4FEE553463245C9712270880DF339E0B882A6BA713D865F6F384C842D440934EF264F4A304F8DE4EEFA1E2BF5E2D91F5ADD9613D6E31DDB33ED31DB1D7916CAF091286EA3D31B9CFECB78BB0060245B943C4C040119FF780A74DD308BA9D028678674EB5504ECF284EE814DAED07440BAF649BE4B55DA2890F4D7
311
3E2D489A59EE54FDB0A85B59F2F52C4858A02705C4815A792B0C4A996A2023ECB195073E115E3E3647F64243A8338F2000BCB58DA5692C7E7C3D413F963FEDF3CF00FBB0F831A9D51360FECA43819F527B89FA260EB63C5DA676830AA3626A3693B23F1A17A0DFFCE3EE164E31B5365EDF0C89EF64D8E38AB0BA9A1117D7C3
311
A0EC44F44F4023095E80BA610DE336D0F99593A88BFC5306E72DF98F7FD132ED95878DF2964EA7E43071359FD83B2BDF9C6B5BDF768F0F3C0FC351199526F53D9460A34511F75D1B63E488178569472C91A94497807A3FD4A390C6558F26D416365C3656DE6E769DA9D8FC73774E1709812842DD8EF96AED1960F79D21B395
311
CDDFE6F92CB4EB962A4668C76990E2EF29798C8941D67DA50F4A5F947872460F1F6FDB794E8A29FD7AC0C0D6E0714339CE258FB17AE8535221E3464A10F29A0BE5EEECEFC5675926A89F49EB14E5711894F6586DB5754EB4D5DA9C6437EBA57DB97A24F8B8A8DB295FFD73266CF57E82694DF5166DDF93573AFE9C9C5EB05F
311
8FEF8E89E0A8917B0B3724DB7BEBB53252581EFC3E38166BA131A3A5B42FE2AD00A769BBFA4458D2DE7822F8C4F63D0B8E21B285AE13325F3410A435C648C9D91FDEB109E73CEDA7BC796961AF79175E1A3CE4C5E8B0D009B0C9E29EFD98BC8E97554E3D8D838424E270F7685226E5AC268E021EDE3522D583E8F20C0BDE29
311
59EF5BBFEEDAB32FE9A3ED0E39F211A86AA9DEBFC68182EDED132AB8BB794442D2D7EA9F4D8BFF52BC4D55BB165124EE90A42D101E67BBBB292FFB4F66DE5BF2300E44546757DA7CEF8932BFC9F92A0707953491A55C5A5ACEDABD9FA1AEA01BAC3DC5A24E22E7C47213493996EFBC369D086ED9397C9BA6C7F9855C7BD5E1
311
5BFC8C53DB3D2A4C5901A57ACD2FBDF4D1676E95338B2C2BCE65FDA4C64F5FEFDC7D9CA5AA1FCF11E193F2FDABF0F4916BF13FB916A224380E6462A9815F2300DC49CC4DF8D055CEF76462F4B7A7ACA7365C2707891370BC1D0AA6203C44CCAB47084FEC057F27FFCD57F89B8B9852459798A675C66BD7CE572CAF71FF7E6D
311
7ECF7BF62CAB7B3F1107DCD04DC55A3F9961700286141C94A4F771FEB2BCDA2DDEE0CB0BAE402FF1DB0100F8E475DFFFC074DDB4498AB7D186A7654DDB1CB680D703D47CEB4E72F8CB13D86A4AA68116E26387B93FD6738779B34FEDB8E517EDF2BAF28D9BE93A1D3A164320E07D42E514725C29515FF361754213EDE06B07
311
9A2E99EB1CA82A02019EADEEB87B9AF005BD04BBCECB14AACD6B24EFBE482194A97DD32400685FF1FEF1544D1B14EFB1E7F08E6D2CD2AF52DE757F35F5E62332EE88EA26417AD5C3E0E319D68F25414E6D672BD4522B278C57D18F0113921C71D96527E091F00CEB15AE23D24667369BD3CEFA10C7549D930890BA4366F4EB
311
C55F01F746109F98ABCDD5A3EE06619C6AD78AB33E48E4C9BD21BF7478B385EC05C4F8987E2C1BFA0A60EBEDAA0AE0B015C2720ECE180FB6F2DEFBEB822D96338C9B63822183BBF52FB664A7AE57003AABCE512BF77E7E31BDA2E739AC4C131657DDFE5225E900FB56CC01CDE808FA4A9C9DA16AC679656BB64796283D8981
311
2B8F91136AE18EE5EBBAF47A73BE3C153EB5D4CD491B4BFB4FE690A4CF9ABA08C0D8AA64220C438C96EA6CA80B58FE5761E697B3A292EB9FBDA502FA863E49FE694ADDFFF9D62C520BDD1A22014147A0903A05B9B729F54272EF83931FEEC057BFF8C8055C279EAC5C0011804828734024F6CFA319C9CC6867C727184465CD
311
9BB7ED386AFFD96B294A85E3802FAE47244602D8273615952B98C4F23F7EAE4463D9D638EEE374A20959E0FE519C4CFB0FBFE5DD80C2AA3F9DB961D1BDE57E67C9BB47B77FDD74EE3094F5DBBE3EBC1FBDB7393F5116263009E2EFE1AF9A221B2AE234C902BF70E9F280ED23E73908361565964333A3F01D0B006AF32FB21A
311
A1316744B489D5A198E85299241735BE559675130955C902A8ED761FC0DBE337A9F91919AF5CE32AF902ADF9AB2615E00E8A94586BA1A90839B61832FF1BFB76D2EFADE6DB1BA04CCAD3DA649E7E2A0219F592E22F2AD54847EEA8E42271011E9074F8F3DD9FBA6CDF88FFC9FC7E811AD1CA8F4557CE4AFC7BBEDCF0114A48
311
689F20A584520C74DA8127124B767E2FB91A6B186246727BE63C9445BAE02088D58B8EFDC0F1072407CD9B89A13F6303B4A928F593AD489B58E6869325790ADC406036C591729FE14021F94B7796BB11848D463536A092A26F077F94639F7CEEE2A724C66EC885F4A24F8B8A0AC321F8FD149BA529460FAA34E4663C02D41F
311
DF80BCA222D42F0ABFF8490F4FA74C673807C2051D8E467B47B616072860069A9A303ABA9B319D58404461401B0A0F9BE5E1E151C14BC33B32ABE03DDE91708DFAEB15E7C0D593C86BB7D7EC17BE56E57975F077BFD5525F3A1A361D584A75E08CF29FC7B44B2B3085014F3A5A14517377C3F6B8F37E59514C3B12F8AACDED
311
DA4DFC49BE5710101534CD6FB6DE15B50F11A09472AABA727F0C49D9CB906B158030065F48EB3625E010CEC1D511D0053474B11E6A4F01C0D6EF1BED3A944FDEC70E0DDCDC756C86545910E0DAE3BE3AA9A404574C2995CD5CAF9549226BC94B4F4F0F5F9086F418F6B32346464610D8BC7391D3C3A3CCF04CFC1FB2A3A317
311
0E369511868F14EEA4E5E438CC73DB1F3248AA94B6B2FF33B222FF3D1E7BF146CAD229770158063BCE4F5391964DF62F7E52A7BE0EEA829C9E13C4C147D6F93FE59E111DAB5E4594D6F3CD1AD375EE039930EFE5AF2BB2D41C83C7DABD8C659BAFBE8FAB392CA634F3D15C1D945DB4588D2B0824A4EC928AAC565557CA2F0D
311
AA588CA5BE30B3A8004F7BF005E96CBF891D7F18112A3619FDF530DC8AA64954258E1811789B5189B49B4EB53F5F89F7D37523894F3EB57B373763C91E502F52CC99EB7BDDF933FC324C4FFC2561DFFA7339FAFDD0A4BFBE6D3A8FF9ED1FC49898139864602458968913181918F719CCF5A68B2EE9C1FF050E34E63107003B
311
8120FA982C21B30A874E4F5E4B38D5A8290C4B8D9BE48A0BE31EA995BDC37AC6DE90BA17D259DEF53605D55922FEB1855D915B659FBEB350EE0DFB2F9F766E1C84CC8964B75D08667445EAB966015F63A18A9E0A325C1B3DC628C0D3CB60F767FA93CC65F25458BD23C3B312716E5F40E5858AC06EBA9AB14F95DB99147B83
311
2069201541D09A0D856E12C629CF32683760EE855537D1901988D5EBC156676C7DD51D7207CF3267AF1D76C2AD867315E44618015313A98B19941C696FED3461CAA9B5415F918556D7802EDACEFD6B2E45853A9735DFC9DBF7E440F9319F8B6805A973BCCDC76C069A9144E51F187EDCC12FC31B5DEAAF0A76137199B106EC
311
84ADA6B6EE697D4E6A96E007417F4E880E8B1E89B4BCE9D81EF611E2ED8F0C1A6C25F620FAFAAB656A7C42D464880E8AFAB0E0FC8EA38CA9A8AEEAEE3E4648BA4680270A89743CDD3E6C6CBF34B7B640EFA285ABC7EA0A1E28F3CC963D114A80123EE66D0AF7D5380EB41909B605AB4765B709B808590458157E69BA1378FE
311
C4B48CAF6A730E3BE3C5EF2DD1A5EAF94B1DDE50CEB55DDFD7EE9A16747FA4B223359FB1FCC69E1194892BABB93A1D5C4E807AC0EA2E30180811E77A2291F6E7F7FAA5E0F60215BC6024E48DE436C511F0628B8CA189982D4D83CCA17D305A7E923C37941CFDFDCD93ACAF735EF5F0E61BBD3E6C41A59B242790D3A3BAC706
311
4DCD89AA2E37214EC839820949D5CAA31E240D2948E48F690298974A96BA9A8432BC90F5071D6537C9666EA4564796B7AFFFA548077BEEA75F63083435074BA182F3699557397F71548383FDA8CA34D99B981E72835ECDA5DDDC151315173D05A21F651AAF8524E88209E2E7A737ED1045800CE3390050BCFB8BE588DF1116
311
17874C62575039CA588EEFDEFEFE319B739DE2EDC147092A262611E159650E787917885EF08F1F51B8F2D8A71D60B58B190FEF9541A1BE94BC19FEA50784DA1419FE4B0FB51B8D36B5FF8E1286FD8AF42B91E59A5F1CC4D60174E764045FD8C57B18209B217F89A62252BD20BE0E63E12B8E8F029FE19E0E8D0870F58721A5
311
57082250D5424F7909369376E41666C0EE77CD87CB283F661D5FB6D0DA023CB67320A20DC7BE661E9E1BFE5463085C557DA1FF9BE835733766C3D139F2CF9E2208873AD0EB4814DE9E6BF2CAF81614D4D43906ED1C05A3265CABBFE192770FC2F64F940CB6B17B5F166F133C9AEEAD2641807C3E69515171DD74C4A8531151
311
3D6EC9530B3B601B6BA3EBFF3B5C3D2F7D69765141E345F75433953D013ADDF8F6AA7DC3F4A7563FE5C7D367937E2900D7EAD0F9FC9A4A1A9B5BDF1FEF08532660C01C5D6DE22199AA774383E306DAB87E301ABB7D213887F9869D4942D0D71E94B27EDF216A318BD488D45DF84529EF575AF3C3938C0AAA0215B01994153E
311
2054A0B894DA5C784980633AAD48576957CF4AEAEAFADC7C587368551C73DBE1E57C58AC713303A8BFC258BD04B51724459FF9E24C03A81E0E0679CEB9B348C0DC998FEB9C6D6EFA77D247CC8F92D3848599ED89A23218D0636465AD1CEEB7DC140D7426F83491C4E8E8281C2FB35240918FFECE880CA2A42D70E8B20B34DF
311
5221C7DB0CF90ECCB9C745B37A47E9B716FF7A97B7A252C1F3814DC7B1E1A7F72B8751D524EF7CAE45B0C73B3BE7D08ED39781B380DDFC9AA4A4749C9493DB5BAD07A6EA6C092FBD0E85DB004DF06B8C9D3089C5320187E4CE1846158C7EA7DDAE8AD9AFFF21AA3A1026BB06A259845E8232DEE62811A4DA9CEAB3A4887320
311
B76E2AE5615EAB7BDF738CBDD01F1E64064BC13D9EC53576751CA8CACD58B3CEB0E6CA585BD089B2A59B9FC101403387AADBDBE70586B93D64BF3AD4453EF9C3B6A93817E8346991798601344F79A83C51F3D50F7BF2683A3605F51A72449489E0EE6169C749C60B1035651103AEE24D24E51A759C840DD3FC6504DA6FE107
311
510E447B43461C79D22970B75DE5E1BD3007D1AFC619A4A4A69B5626AF5E9B8374E20677F77E2F8E73DF868E8BEC7EBA7B6A75EEF7205E1AB9486CB642741D6E03FF13FCCEDB1C4AC129886268B01CDF4B124AF797CF784F3C6DEC97A17D4B558070A0F1C04DA4FF9BDBF34159AEFE958479824B3F58EBD1E19088A2AFDE50
311
1B6F2052368A3FD0E650A179EFAB1561E1D27527077136E652676C3670F42DCB3352F48F6BC86D2C3B0051727E41A0A4DC6CE2BE9D47F5CAA2935A3C0539AF080665997194ABECD723B08129CC5B6B21D2E7D54CD4D12610E7E9FB8306771A89576C7A982002775ED44F3F744CF21EEBB27A631671D921938AAEE3EB0D19CD
311
1E083727F607823E817BF599DCED5394E37EEBC2E88782E638920CA641EF74D4CDFCDEF06F4278ECB18E31E7E9876F2D783C8BF429C75395F57E98C2B495A3DA077EB3AC3C158608B6B57FE3EA48484D9A480096FCEE0DE880950E7E5A5714131C5C41AAA29FD19AE81AC145FA1B9E85C7169A5AB837B213493DF7E9AA4B5F
311
BF9CDEB36EBD21EF1181B7CF7366AB2A951D01E37AF4EB835D1BE8C117CFBE7625D2EBCDB0B20C5A4B45CED0BCDE3EE8DA9DA78C2E21DEAAFFD1197E463C33CC6A80FB785669B856EFF7A8CCCA2841B5A5369173320B1170C368B2748D81062EA0296E5E2D95D7667A4A46D98A6FF475C76AAB0A8C8D45E226FAFC9FE0133E
311
A9F60111F99CA81ACE03A1D14C89E8B0D69079C91464FA1D99E651D0EAF606F345C42A8A1AA9BA391031582B96D5B4176A77AADB01F12FD298A75DEEBB2C82F0B8650E880722F8DDD90C56A7A058E5FDEF1AC93545BA27367C76F5D8F9690CB6F8DAE141EDD7971F0FB548A2AE435F224D6E5954CA155512F7332029D5A123
311
0854B79F258EC5FFDB09F5F6343A8EB193229B7F7E79B3E48F8E183860B38C8269D1B53738FF1E0BACF6AADA6D4869E9DE708E79B5DADCC09B1BC76F649731CFAF59A83FD8BAE4C749D66FA87A3810D4D62FFE826FA400C0F325D2BC0F3CA35F5847B82A2ACC7961745C823E4D863D54460AF792CE6F79B5C7A33B25C3AEA6
311
CDE15A919B6367D781E9D44F61BF828672594A3E1D9EDD6DF179A81F27EAC05B936575D73E05C209DDD2115CFB705DF9BBF3C911589B3640735E9E618FC9C36A7326C82B2205E244C55D56FDB9D5DC93CE958D4BF8174D2B3DA54CB3C09F2C2A6DFF73D23B2197355761AD421EC581284A7EF8DE2CE3497C0C804D49B41DFD
311
6A7360844E5BEFFB495CFCDB97A4595911CDBA623274CE852B5E278AF0BEB1770E9D37CD977B2766A7DED0E94B840E1E95E8C77DE5CB6354AF7871427C28ADBEEF7BA0A28E19DE9ACD75F379FE373EAE6DDDAE3834692F9C2B03B4FCA8FCA9ABE8EEEBEBB725B88A7C90941E850682CA04061A7DF0CE82ED49BFAFFD42C309
311
818FAE14755CAAE78B0F73243ECCCAD7DF58FCB9CDFAE7A4D3E6671A613639130D056C8383C8F4FCF4808C331E544DD26E4755D09EA05253B3049A1E32587CC25D72E073E2CD96D04A71BBCB0038FEC3F53D254199C3CDC67CD66640269431860225392B2CB3ECD0B4498AAE78BA1994246AE1EE78F2EDFB79F6C6CB6B5E27
311
9C4D373FBC21CB2698C9ACBBEB6A4BB6B39E16AB0E421CCBFC7654D81ED86022F9BB522146F9F4772E2D0E4FA70120C95A85A417BF5078B232F4754363EB1750B2AC2148EB46B1EA72AD9B4D23ADCBC589D70106C3EC2ABEEED84DFE28E718C6C83502C28E9FDD3B09DA0A6F6F7B72B706A31C9E2A331EE70DA56A083D2177
311
BFD63C55B11D8D949FAFCF90B23A1E24B9B5018B9A17E99F2890EC302F330FE7936E2C23F0D237EC8916F5166AB84B62A21BB0B950146962D754F92CC2C8877BED8FC7B7B25726DD19545392570B3A2C66B58F027BEF412E552D12A588C4A3CC5C3193FCB3485EFFF700D0B9EEC077754A33DC1FB9E25AF814628F91DDFECB
311
667D3F7690803F38D13F8AE39353523BB08FC6760144AFA2CE28236F65EDBB3D5F59A57D612B99E3D7E5F8A851666BF9B5A6658EFC96EEB37A378ABB0EB3FDDF1303AF32C41BD1C8560745D7BD81066B0D6313359CF488563D3BA3F8E2185D1FAA3EBA1397C9D0E3DD232180A4DCADB6AF25DB3AC3CC26589C8239E66E8154
311
7BC7E2F328F9884764CA37EB5DBE390DFC03A5246B456A7C3684C4377D0EEF9A350680FA9A077E8B2957B489E09AB1AD41316944C2254B5984830F691C93CAA767EECF976FA5647538830B5E63236A6F0365C1E0F3E327F24FE35EDDBD7360B0F7374837409F7A6311BECC12B7026D4FA1AE204FA3F5FE904B1F420C7A9044
311
AE58E403E7C4848E7DA25DC9EDAC79DD756FAA26B9EA83ACE8A214A2612A22AFA19DAE7DBAC5F8CDE1292A485F98DAC731A29FE01A3966E96BCB9FB5A4C8830E1B9AF0C54B87FBE221A097036E5D28D1F869F810C06A9BB0AC0612F69AEBAF893C6E7AD59460208BAB3A6B09CA4F6BDDAB8CF0D1F84B72487498395A70DCD7
311
54796E271099A567A55CF242BBED64696378BB6CF25EF0FCDB589F3A82F1116D010A9AB9FA4358809EE0C973A2B4229BAA876A70B03AB49CBA7FBE71DB1832FFD32F9BF2C8E98075CACAFB36921235D0F552B6A67E94E094097A5D7DF681B40623DA535ADA7A9AD8E9A62407D7C9A5AE51D62A17A83A23728DE86BB5611580
311
4D3F2675F2C6B87541A0FC497BF0CA86420F558C9859EBE9FAD62747E323E3AADC03FDCDDFE7407B09DA90B44E3185723C5381EAEF589765E2F7A099BA46695BAD60CEF3491B8A171F5F56444F7CE9455312C3498C74173AEA0214EC029833B34B650CBB5A5508D5091665309642791708ECF27CF11DB3D797D6CFE474453B
311
D4BFADB768094B2147814D81C7CBAF8228DCAF5564B5891F5EF6A860EB2E323CB82AB868D8EA048880D63B0DE5341F1B3D53297B928A11E15F25E5148990F710747C3509ED14909C552EBE3973246FCE55D00564D8310BC3EBC5085D08D806799B77D6C57FDF5E55837F9E934F09C03C729271B64F12D0A9F9E938107CAF7B
311
F1EC8CF1BB9B42363D33070F4CACB425E605DDB0A34A12BB936DE286B9887A4E2E558F0886498BFF49C311D96C277CF6A9FC0D75AD0ECC5226D7E0E3572012E56D7FDE4410CEC7A6D0F997F225A2055B8B92E3956E875AE4993CB3D4C9063AF98FD45E1BAB165640A43439A2C9181A7C355B297C0A0CCFFAE19B6FA3C2BA23
311
8A885FBC98B8F6DAF4B94B97304878DF4D8BFF6A4AEDF79E90ED4E68F00CD7299F4E0D83E35601AF0CBEF18C1E870E74758FA91F5131075004DB3CFCF09AE1DABC11957FD9808C92E8A678CE9DBE40DDA0E0D1D505AAFBCBA208232BFB6FB3704E8985E61ADE53DE74152F5C7DE74B1DEDCD37DC3E8FB30D7EBA8B9EFFC360
311
6BF90B8D438279CB7709FC7C00D327F41817EEA71CD9E49FE9C8C9A81C70915D9F0F15958EC5AA4C3BBFAF46986B90F188BDB24B89DE3C6F29EC3E6F66D84856EE96A35E657CA41B41EFD8DBFA16AD6E91439EA92B40B21C053249F51AE50EB0B24C770FFAF40DF12C8436366819C48E36547D4E7B72FE2BBF108285830578
311
14A668BDF183F6B2E58DFB151103E56303E63D00F39C27C4661605DB644D19175D02E3F0241E8FC3458D17AAAADB117CE9EEA690D0DB01E634878C04C2C9310B69FCAB831151E3AD293BEF6E46B0ABCECB50F5939B39C613D41E81FAE8D34CAE3C4566B761D37185FE864AC32FCB71AEF39DAA5BAB88609BB980CD2F07A8F9
311
41653B529567726E2B2A58D079DD57E1E5E31426CF184A04D7B03B985F276D47406AF276FE32E3328BA866EB1FD39BEF57863A317634AA5FE467409B3873F5069EF0D71AF00AD189D17BA1974ECDB2D623E9E14086386A6AAB5807825C37B015BFE892AFD154920EC437EB945D958E18622E1E0FE2FA06557CE4BB9BBD05A2
311
D40E774DA2B65473791E314B7D6C886820B2FCFE4AA272B3B8B15E7344A145E8AF919B5454D89D36D413E87211186BF6F645E5EC94DCCE8E1C799022E4EC9BC86D7A0F2AFB1FC4B2CE48F84B3F49ECE65BAD24CADCC07EFF39AB06BE9E6B27A059938EA7208838455383DDBCFCD967DDE4650EF92A14FF933C975DB20BD7FE
311
EBC4487576485963D757D16340D9599FEB362F775F38CA4185A86F74B629C81B133644A3B18FD056E997E0734F9BE26D11C0AAFC669E2AC9FC41D281F8B2E1C35AE27BCE05F3DA295488096688719D974DF1B5D182DB7792288697F8763CFB43562C1CDEE11C4AABD5C22B6E33F6F389CFC3477C5919DC0D533F8A7A1846B7
311
ADB60ABDC26C43D0CFC8910B7C15EE22675BD02702ED39DB77A87A192CA7A543E6205B979B9F5A6B512A3CA799E198B2D5797C0AF8D1D872CA455D4D431A7879D4DD76110B5FF7F4176B54477A9EB5E4A5D11214FDA585F0382751D8E2582BA5D2075053298FEB8F1537304E32CB22C2E2B693DC0A760B1DFCA751BDC445AF
311
DCBB12820ED85F6D5298933C7EF1211E9E057684056CDA3FEF3BB6052355E162DF27C59E965A8DDB7F9437EB72CDDA3A090DE65A5B2F50326247B7EC67B73ACC7047FC9B353D6EE990F772207C6EC52B39DC2F3C0754821DAB559F7C1809C7D0DD5B0499D0442E0A6E391B3D5DB46D11E731E6794EC77523FBDAA242ED67F9
311
FA1FB684255671F63C9BCFE6E7E896D51001A6113EF2298BA494E0B0980D1FA5B9D60796554C02256B1E0345FB7C6186B6A19D2DCA270416262845FA4F42DB5D9B0A0B6F07FCA2E56C242522E001E0CEB734AF310FC8BFB57E38E03AACE93B3326A2197891E68452B26A6307FDABFEE0223D3C03C3C73D2D5BC054C8311F12
311
004CAE488E5C29287F8156A2CAA4AD0D7BE6B97264E4139F437CE73ADF52E5134C52B819777C18B323A5924E4F67AFD13B1CDC3A61793A79FAF5C0CEB718E441071E797C6DCCB9EFCF7E4A1E9F3DF3C2F9C9E8294E9586868788C972857FB0556D7A26941A7EEB9B580AD78EC40B85DC906B4120A563CA3B87797ED612D3B0
311
35962BB75F6515A393F4CB057F564CDF54F2E5A024514E6A1F901DB80C7E70B1FC05E356A7E72FABF4775B3E3FB8F70A2A8E7B6A94542BB304157978CCC999E707A29CC795E67A59CC546A5D47B368954CA7B6E75EC9E1F6FC73CE3B4F71F8CB1A6B15923D61EAAEB14626AAA9D04A26EB9C66CD1BE86CA31A5D8703DE04CD
311
1EBCE4F5CCB62F93909AD11E55799A781A956ED27D3E738F4538CB04ADABC7DAEF20BC35BA6A90BCC1DC61BA05F20D8832FFB9BC9B15E2DB838A0AFBB7E0C82A562127E0446894F427794C3037186F622BF24DE1B00AA10A23BFA47B2A180D6DA5AD6F7326FEB8C100C2D7142EB2A0B2A9D1008A09BA343D70E054AB69E2A7
311
EDB783CBD92537FAF4A44D1296AC2792729104B3276C276C951D0CF3CF3F1E6B017720A7B8505A5FF9589365979678C36F1BAF759EAF57C60F1FF5FE9DCF5F8E764FF25A2D06CF25117A8FED51884C13B2B750DB0E4F5E3D64124FCF11F0AD8F1CC3B3DA4B38ED22BF1CB2585EE6BFEBBA63FBFD44F9537B9B37BDD6B35872
311
0F98A8125AED4349CCFEB0E135F19E208A04CA7E2B10711185D72E381F448036EF57C9F874E54A971CA37A639E986AC0226DC5AA00D5B14FEA9192234B3DE617814FC221C92F33F1D392F297731B567FD98FD91D989379AF567A65B8ADF177591DB90FBEA99BF4ED11B16E50A0AB1DBF1156D034BBE04D69D08F939D8E92BF
311
525A1DDAFF80ECBC95D8F45D3FDD289FD23F7D8B452F8EBB34EC082DEEE68E18EDDF072060FAD2AB1504DD4879BF67099FC58F6E9DEFBF645D16334A3E9A127C6F1AF6132CF287E433B43A0EE93812B4AA0B194E03EE3FF91EF9C6ED0074A2F6EB18A96A7C9890B1FCDA1F2095E944DB911ED54C60DF16FB74C8CE9BDC7C54
311
C4F14078CF73C2FFF1F1BBCCD7CF64F71407EA1683DBC410D226627F66E509060D5C0AFD611DE681D509DB8DD12FB1265B03C6F5C55FF4C30BD94187FF692B4F152982502F193098A789526A038AB529A52BC0DC4FB6285CBAC10A8B8DB75DCD9BDABBB221E27D1F8DA9F5EE5926A1C8AA9BA9BC09239C6A7F12914EA3B59E
311
FF7AAEC3FFCCE56F1C5C2980AD072793527565E774F4631DB178CEEC691B1F367BEA0CF2907E1D6B854D527065979DDEF002D8B2ACEA7CE21AE297737EDE1D45B31233B73FEA35BCFDD0B09721FDBAF6432681F2FD10C3E9EFB246FD6E854B344ACC9D8A0EEF876A7314B49B6A499FC650B099D650DBFEC7638ADFD245E2B7
311
839DA5AC5F7D5623FC0ECEEC8653FC9B2BDD1AD4D00A566FBA7186DD3C9CD26512551637498CADB950FEC71ADB9A5524285DE328B8EC7EC75D2345AEC6A27C42AF6D9B92155315C80DBFCABBB7DA0FAE425C4FB896B15C9BFAC4FE67DF5A23D30C93DA4D8F36FB15D100050DA6062E22AEC5F4DAC4F6FEEF97AE05DE63C6D3
311
8F9E068A20BC5E3B6BCD75320C5090924E7F93640A7735B1A43451C2D91EE62C6238B797349E59890AF3A520DF4A87095F3ABEC2E61F0593416CE46CDCBE0E00E2523FCCD04408588B5B6C9DB6459C786CE378770B54F51DA3A5E1DF2A3349BEAAC234A6CF8993B598B3B25B4B113E353A4D750FA7534749430F3EBF2512E7
311
EA3FD43C6AB9A1F765A58463B306721A15D224FAFE8C6F5E3432D57EE697DA0DD5A9D4866A8BCCAAA9DFF1F06047851408FEC060471D0E3EB86BFAF46E4B5E60311DC3E3CEA147C75CF971BE74689507154FF2D2E92F15CDB2B9182B11459FD8ACAC5A85F174BC94A7F4EE4C4F5CAFA7C02E37BF0BC77B7DCD0C047BC316F5
311
62A01A441AFA7931CC84A28CB9F4AA367EB515778F29BFE61195FA671F4352E5E46E3A64773F1F76EE5EB36D7BCE9BCEAD837A4D77F8DB8C92AEEF6711920D7C7D0F76B0FD0EB7AB83724CD35BCA7D36DDDF5FBB7FF6F04A91F3E2BB3B8F1A43CD659639507FF6331C5F697BCC782AE57D757A27D97F1AB9E0AEDB43F92F1B
311
2AACDF5FEC8ADBAF9F814E2027003BA2F9E144B1938A7A04050AE5D953B82C45619165C813A10E76DD6906B3C16438064D14CDA713AEC420034613E1AC7241904A49FBF87409AFB1FCB9B72FE7933A87D8FBEDACECE4EDCF6A4FE9FB94D5DEB74FAB7CFEAE17EE965DF980DCCA2D04134994F9A2E94D2265DA4FE6AA7B7AC1
311
5FACAC2B5ABBCD7DFF542C5314FDAB2E1B9D8B65220B8E2B638BE008E8DCA22678C820C5053664D15E89F2D735B51A84955E81A443545E9FF787BE0FA700A76D136C27DA179A7C6E8939E01BE756E19CB292798063D8B97F44E8A27BCF3A614FEB8BE974A718E86F7EC99B53CA35FA24F61F2B07266684623A3D4CF073E511
311
F3A10A8FDAFAF0078C577F4DF9D339FE7862E5FA47CF4344209E5BF76D783B1B48E152AD281B15FCB934DCDA49CEC5706B1EE8B460F435324A5CAD154725E21AB8044B75A557A79F6C807B9340AA3D92503E866F4274412926C8C504E4D5EF8C0E68DD0B028781A6B4054F11CF18941F101C57CCC796773ABC8DED9CD91FE5
311
788806C05E548895354AEAC96546D55B0E94A59F148D061F42AA398D822CDECA4CDE79E13469BDCC44FDC990F366BA5978C15F97ED80CBFD73B0CD9B8B83A4F6845BDFBFAF034019473FB9A63BD55D3A4A7284757071574029A4D016DCCBE95DD679EF3C4880BF169422F8C89B68A988D2B13793CAED4F74DE7486C72DC94D
311
F46B8E93D8E02EFCB1FF9B3BA10C8AE7F653DF94F4AF466CDDCEF5776687F7C4C14B63E4EED1719DC2EC482D7DBCC7AE518CDE3D5FF86D39000EC3673C0044E1D308BF05F74D1B5F033A7D1BE7F74BC55BBE3E4A20F920946CA0271EB17BD2B80E5660ACB8A29A79F5E4BBA49D4D945B6EEF4A7EFEAA65E5555BBB57A7E15D
311
2F83C69F30BBB978D2B39F1F26FC097424D39BB33CA3D87ABF64E307938B685BAD44F71556A30B7E712CA4FE600613C3E554B69ADE949A7CFE214DF1FFF05CB82151EC6FC31950239F94CF7AD39DC473F6EA356E5EC2C4EFA04383CEFE985A127484366FBEE3C0EC4FEA363E4F6632AE781392FD45D67B63FB8DF70E82734F
311
431FD3443172A0E30A83D60982D55FA6A2CF86DBA8382502ACC6CDEF3B907982EED1160E14863FA242F9757347E1544275CCDCF71ECD5F8621CBEA326B8BA884AD7F825781923E66971F04010D574C541D8427A438A37EEF8AF88240EED7362C953F5A81DE2D56109CDE2524EA0F5D2F87308C0C47BD97AD605878AB8589E1
311
7CA83930CB5E0DCCD75853D68B1AB136594926DE426C367428E9334AFAFF90ECE221BB5DC9E5BB53D2CDEF954EAA9CD814F0E5725F1965DD458E5F8487683AD86B9D0076BE3EE91EB1CECC5331A67A3F79D8B27587C12EC2A6A70474749F27B4C0BBAFB94B34189E88DC18964BE4121B9137FD516C7755356E50D6714E31AC
311
D222621EBBCD1CFF81D87479056A9DA0E0B8EA19D24CF937DA89F78E8650CCBDC110AAB6C4E46DCBFD0446BA9E2060E81F314AC2031E88135E5476AC0160EF5C0DD2EEF1B8B5CB2D198BE9A554A9093B5F7D7E4B5407DDFCA1D9C152FD97F55BFFFDFE802954DFEC8995B983E28AC92F1971E28F531DC407A1280EB125F64A
311
72E617EFB27DFBCEDCDA2D6F2BDADA36873EE46B9BE1782998C63DA7182BC383FB6FD15DA472B175D7E8B4FC88F38D6E07FEAA3FA3CBB8F6B449ECF14D2175E5C5CCA3A42ABF24CA6C9395AF74535F4DDB38CB84F56614B0FD32D7E19CA5CF988DB4449C40E23DF2B16772594554579094450F56F253CD25EA7F77366FB1CF
311
E79696C428BB64D5A41E986189427E5E4D7E2DAE3D5BB4972B3DC44EAABDDDD63A2264ECFA5C786EB0EE1FDC5BE34FA0F08376869FD1E61EA06CAE15191135445EE8F0394161C3266A596AA035572BB0C8876180D8B9C77D307DF9DCDF7365ABDA6F3A2366436457A4DFC1F259666569A9E4A79C817BDD5610E5200FCE894A
311
358EC72858D50EF67545DA81C6FACE3D457BAF70367E1E6BDD9A952FB4F56247F58F523B97E640246051A72F79BE42FFA0B3187F63097F91C48B868586F714B0EBD5A00A8412C1236E1298F60C72BE6C96B82B404CADAA304AE9F303176B14BA53FBC2D5E86377E35542019E24D97B96A49B2C0E5006E7795954DEAF5DA589
311
58839043C6C70BD3B1B33B6DC5C31316D8A6923F142E26F6711A2258AF977DDF1F970ECC4F1F2B434B96D81BEB6E89BF3BBB3C7C8CC80505070723D6D7D7D3C8CA27CA164A26024FED94B12A86031867241DA53D929636DA600F050BC40CE48B8BA03D69224720DEE2ED2127390BDF5E6EA64527BBD4C4C63FA76BB801FEEC
311
0E61218EC98A8A86CD8313781617877E66692839B9468CF4DB8E50A73986E558E309C0D6F676F921BE02F1185454DC75B111572FF9D27D85EA14C05AD7271225B391C4275659CA4A43759D0BA44639BE4C30A84DB7F67A41399FB95CBF923B1B1672ABC807C1590557FB18D811983FA97F5E609516D62281D38B1281F68FC7
311
5528C35E4CD7DF0F7DBB5E5DD69C414EBEA2F4A5B241B996BA77AE6C772E367408C633EA3E438B68563EA8BE7667F3A4C4FDEEA52ABD78A2820F443B7914A15F180018D231E64519C56A12F6CA7C8DAE18F06F6B769DBF92329EF6A5D18FBCE600F36BD8E8198DE5CDAA96181F3A756EBA5501CEE58F497EA4F418A2B82565
311
B9BCC611713C0B708CCA1F398B78C5F7D03B3437CC18F13061F55C7BEDADD5ACB1DB0E36D3CE47FF6EA1A563A57E9649EA5D14D1A50EAA457463381C073777EF1600607BAF6428A7DDC079D47A204EF1E1F1F0589FB054D45E02CE623B3823C317C601E589E22B1E88B448524B86A82828E32345EC18AE17214B42F8C41C6D
311
428016D9BA31DDCB47572561E5A402E5BA4FCE55F78AF7268524AA04130F3A20BA5D1E9F9948EA48FC8F5314FDB35E21898198060034ACE5E3E2BBCA34092518F275190AF65F45867FF0900AA4B81F25427414C372BF51DC29AA855C5428EE1EEDD6B849AD60F6E73475C2D2523F8A2772C840A478DED18A8C5C91B085F255
311
DC4F54EA7AA8947354FD17ECF8FB3B4A0DE7B483CAF3A1165EE05BBA413E5C1FEF3DE1D6B8F2F3F3251C17D9FCAB48A9AAF63AC773A0E413BBC46A9ADF84A566FC920E4D8C52C9769EE3301CADEEEDD92B312E02E2A7E35B7F1E7D203FE5A7D75578B06E99D0E46FFADB8FDA17ED8880390DA29094202D6F645F76F6F96409
311
CDA05495A96E84B04A00D1A6C6C81D7F3DE9376E828CCF144EE50E364ACCE7237EA0BFB5607ED1AC3CFE73794E5B61739D14DF1743441B1AC98F00ECEDE9E7301FA29755FBEFA68C91EF2B314CF510537EF1ABFC9A762496280B546F5EDAAF8A5B387D469FC9A878A92828C88608453ACEC6094DCA54111E7AD5B2663DFE2D
311
D151B7F123B9F4FEF8EE36AB125FD7AD52A59B1B765B3E3F73E3F73DEA93875004D2AFFE3CDE9493B87A9904DD052028949041A91DC0E1BA47BA714343FD5B25E0A6A09503AFC17C790058A836A324FE31D7893512E28230332F153181C1E018E1124EBE1BA262AA428A518237D1EA7275E48C5C561BD19ED6912EDD8367DA
311
0F31E40EEAE9683DA9257525AEA7B632B97119E17145A90231768A4F3B9120FF32E8319B015E3CBE26F1A754177D8185345817C096B0CE443A955D13AC15E1FB5DEEA0239EC32A3C92241A237B0B02FFCB4F93CF2B02570C8D192E2F2A68CEEB42F12E6F8CEEFF46C251E22B4341C56FB08CCE550E7A9D6F4D6564B9EA52A8
311
3D5BF2C6E03FA19D2775E15A8A7ACF30A13C259EE7F5EF2AC3BA354F1500E1A07FC63FB4686E2F12EC69719F9ECF5FE3F35598DF2CE944008CE78F0911BA5BE5D0A34E0098FF038669C26030BA9B300303039852A8F6F496341737CA7E0D2E3AAA36DE0A70AA7D9CA0D54D9AD84B18A44C9E625475E1C97B93BEBB38DCE7D2
311
27E67A2D00F531436136355F243D1FC0D712C5765754FA22FCFFAE97919161F46D6E61ACB37D83777B385889770B50765B127768443A5C4D3A4E35A3151111F146B7CA116F918A049F1C272F2CD7976C69A0068773451659A97E0F4A08FE604C3FF6CE7385DB19F4D3ABC8A0D80DA8A42096AC377DB49382B36E270B6FA757
311
0188B4B7D1DDDDA82ACA487CCA5D38BD3BD039ADBAFA4ACFF27809239B722081E2EB9F145320553D183F28471C388BC8814E5045676767AB58A8E72D1CED2CA731379515D2E533E4CF0B39DFC625F97AC4836831A4DE330E87A8126FA17EBE583D614E71E22A8DBF2825599743E0640037303E8E1B1E8EA4E1ABFA4F62907B
311
5E4E0E5DCFDAB417C36C6848A2B8D15F1E505434C0707E16B1CFC2A1C36A42BBF55734F8F4301DDC2A5110CEE8C0747F69519265012A2174BF4E955ECD4FDE095A3ABC70536B7AD0B9D7892F81287D667C108703C9B66A221E9A0929D030008F77FF6F5D2108EF5706FC87A3069B976F7C9FC3239D13D283CDEA8359746107
311
9FEEE049B0F392889898B7D87D31F8D60ED7B56B91823A8E4EDDB36C6172ECEE42BD42B12CD67994FA0F0DFAE9389356F4CD4425A4B8AA55CBF7ECD585C6A2C2316791E43D5C06841ADBB226A87FD61515FFBB0167B74E56BD7F3E90A57A97FEDCBDF483A0D6699A8C0849CAEB4947FAA90D8E332D9DEBD9F4738C37DA0CAF
311
9CF3DAA68BCB67C420459C7A64498D6E848E5CADE92BB6901F607AA331104A67F7CD650EE169B1DAE94D2C31C2F993632259B6957E246EFE4C5481107B07118607700040E5812A2A2A38DA0076875258C753F60E0F2662C748EDD5F3F3686B8FC3BD6FE631ECCAA1E8B1C1E565AD117E54893E79F4672E32F9E46B2A183DFD
311
CF3EECB4D4D077DBEA0DA254D256045109670050129E9B9B1A9E4A11344D61497A992778095151510C4BB7EF2009B63AA4360635312E4CF668B7E0D3D85A8688E2BD83B569439892ADB63461930D428E0DE42E4AC57CE48DA5CC1449530D8BD3D6A0F08DF20C8E8F570F2CFFFCEA286E30969B4654D498A58D9DA782E19FE3
311
F002181838925592C4A1EF0B332D88B61A92C644547BED490D3A42CFFAB70E36D961F694F6307F72FF15A1C79D5B1B5CEFD353D9E2B52566DEC8F8F09CB3E8359C0F68EBBB7898243E34E12A015B2685AB303C04D3A9E00671FF3DFF0A184E4A2ABEB2B666AF5B3A209C73D8EF29DCDB069C9F391EEE9DD0F74C7BCDE16F8F
311
02E3B8816122BBEB50665775B600549D8BB33A54A6BF940C028118BC6878C79958D6784F9DEAA6E26748386FFAF8D0D0101E2847B6563F5D8DC1D78F787BE00E2C941AE12148D4A81599FE8F68D4DA5CDED75530ADE138240300EE13B0FC13A1687FED6774662C05A2B7DFB186732F0D7A93545D8B0A6390AE5054D9CB582D
311
A846D7A061B3358B45E2B52DDE63E114397EDB7E09233A579155D795BE76102CF277F4DF8B188C4F2879BEAE3C08347124BF9ED23B128259FE107D31E34A652F090B30B39E0D9AF917B76A2806135621A8A60681F16AF216514BBD02711585B5B1AE823F4B2D0369EA5B6BCB863072727FFC871CA6C9AB79A814D989057E94
311
70A3D238BC87CBB4A0EA49AFE2B86F22E499793CAA9047080450166BDC357524561E258C77CB697F1ABB32562CF87C3B7AA12F911EF19FB3E5C02222E887D08202A60A17151F5E053A86B437771088B4FEE14D652C43E8D939995D34545E12E2FF93D4E366EAD25F10CB7DED141563C3D0C447AF06078A91135FD4B9611583
311
CB4BF3BD167F2399CEAB0E0100F8FFC305F00F1711717173138B4B48C83022295DE657EFEDD97F238ECA80F528AFB4F8D67AD4E2594B9A3AA86D7487EFC313BA95745C186F0CDD84CC12DC9CB0424B42203D351FD9C0A3AF10CC7F388E0329279087386421F194F4A29464C1DEF7EF8BE515E4A199DCD5B909342598D8FE6A
311
231F71336248D5CEC5454455C7BE383B3BC7B260FED27F703FDC39A170F3827239102F59D4DEE7FEF82EAA1A5E4BA94DCC4CC44E7E2EDE20F24244E4454369D2E87C3F823F193FD4FD27E1C23984B01898D15ABC20711A8A558054951A6AE280096BA36CBA439603B7B0B4C45F248C14B2383B4B5CD8ECECE4FF859AD4A6CA
311
2326D020EF090F4041D28DB66E5256B56232CC52829DE8060BAE6BBF37D4B7469B822454FE93210A3E8D15E69FFCF01123222611C51C4FD0A041A0CFA2471CF6BE38D2B20FA4C3525B5B8B586759475CF80ADFE67A284AC24651E52B8E683D24C2622642F27E7C3C22783BCF63648BC398BD6CD0D9C97E7E7E3EACB6126DB7
311
A6C1FD9F1031302EE67ED96F22B77C7CA0239BB324207559B105E4693EB26EC46182A92C9C0DBD24F29B31C5C5AC1F84300E0E17CEEAC15F5736FA4A98971E2F1423BFCD68D4BBD5F86E74B40A369F39507C88FCDB35D2DD8DEBEA4AF999E23CF2816D204200DF6E611781B9884C1AC8888B4DE397320472959434323A5A36
311
B22A8E1F721A270DF3BD65E4A31C11FF048AFB0D8B7B6881423793963A23CFCE935FC189ED36FAE35C46DA3574C979E4394BE52084F3081837BE033396D2EBD80F1F691B273F660D2B32FA27A33B1DE4ADA5F0FA4651511102DFA410DDA86E065272CA314D5249DF91B06BB92807B28EFD54F08F7B525252782CD276DD02E6
311
B0319B13DF87B1F6361AD6B28FC0D711CF445429B9E5A433CD493051C49A9E03DDB1B147D880253514A5DED88009018620EE229101C041950E2D8AA8E1F5F5438E0C0C0C60EEDEE9E3E0C051948C69F84BB7B2A48A1F3C8EB9E6864687F4F4F6F6E2FA87608ADAF9C5E117B7C1A737E710769DA1D15ECE6A84502AA8553987
311
12D5FB51BE92E4EF824969CE18278798AC303C2C7980DD2500ADF8FB1E6D6C2FAAFF9987178923334A244758BAA01A9A1B70FA5097D01E1CC2A58DAD0EC94CE6430AA9B0C10D75E3C6BAC670EFBADEE1607739CE0FC18A2587E3EC3058562014C64219C69BC269082D5C2F4A659278D585755912176D78A1B641719C2A394C
311
ED495A1AC5D583FD2F5EDD93308EA7EAE8A6DD396598BDBD3D4CFED62D18A5BDFDE0DD5C80D1A89BA62697B131AE7CE9A6594138582F1B37D68F1749AC7CB67A70695D48A4A056AC1FBD4E82358CEAE38F54B95A9016F9000F9879C0D9D131768635CA798895F27D6F1614F11F2838A83611AA51C9A3DDB539D42979C29F10
311
465655C17BEC3E2760B80DCBF609198C7B171A531905F3EC218D696025975E986C6B4C666666787271F202805577DD5A3EF0CAFAF91B62DC4B2DB4217A7606282F31D8DDBC290593BAA93EA6353AFA9939B877978481E15CFC9F2755CDC00C538F63A4BA3E80AE009B73CA0185687D339A507D165B74290D6EE46D5C58148F
311
020C3668ABE9EF2F7549170DC80DB41FFC1D678FF19AEB10C7133832B104B80F691B3138F97A92D26E551F1F110400D45AC71A9B9AC41A1A1B1DAEED0B0810638EFFB511D46B121C6FEA0F38CD00E03CFFEB9713FE1F9C263E4DDEC160D0497FA9A132BA608584057FB15380825DE6C7FC3C667EE947D488A09898D8E939C4
311
953BF4EC9836344D2CC6B2971B2A21A572B06096F4982D2CC7232D46E8EA69DC83722E267754D777F97F96D5DA74E1E75178084D0E70F12AD33E5F71EF2AFA599B2BEBF60A5BE475F444F240CBFE8143C334E7ED9150FEEFEF7EB020C4DBED388DD1D6A167A76F3CBF119B578AE8CFA7736ACAFA4440A1C47185638A0D2F3E
311
B5BDDEFDA958FB13CE4AA4923D5BF840392D45544329525749734866684BF7F8D9D54D892E19BCA9F829A0F8BFCBEEA6CFDFC61D74EA1A645ED7A1FF241739F15694BD835B66FEC5677E40FE69BD3F91AE402F036537218A401CB0828604AD189E575015C6F3F6BBC8AC79CF6C70653847254B31551EFCBEB5978B9DB85D58
311
D0FA41A9DFE9C624834AA04949D24B5AE6D299E072D152D12097920F14AA92C31C3B97E28B6C2E6E9C23D63043ECBBC0A60FDF5BD0C33C127EA8A3308B8B6AFFEB28B4455BF6E7AF4FC6222728357EB8E46E85053E6A8843AB23295BF838ABDA94658FEF3F832F147046B4ACD6F7D48E8FCC9618582961C898D1C7A253C91B
311
FECBDA6BA18A1FCF70755DCCEE2222F41B76D23CA98D0CB3D95F0CF66D57FFF65E2A90F5DF40FC3187621E981BD0BC1D992787212688976B94A8F0C6EF646624B570B78E068826F87CE27041A95C9A4871FF65CC17FCB1639629AD6A9517000D63AC231F3D741CB8430777E7ECF80CE7A3F73C0F162F7E56AA71F4DA80A33C
311
D6ACEE78E2C11FAC03DAFCE929B106F8F6B3ED2DC71FF994BD9CEF4E9A94896EF1B6E2B7B4978168BCF0847A3D2A4F1B0500B926E634B174548E9FBAD27153FB5FC36799B1E6C7C38A94E1F9E996796D7B485E635D5287A2AE76FBD11A341DB3F8F810385BB7296391973DC6C37C452A9305AEBBE0CDB6C566DB59FE60C8E9
311
4B1FD090354BF51439FFD1B48D725228FFA88C84F686F547107A7A235665A4593B7C34D748C1AC8D56DD5DA861EEFBADDECBBD65117E65851F90351AEB65F0EFCFF4BCFEF24CB7A5879699FAC437A7AF9099186CF006BB923A59E37D7A36A29FD8D2CBB914A5E9D0A8FD212FBF796AE9A67958FF1D5D8B85F78F96219D4714
311
EB919929241B6C018AAE0C02069F8D919961EC5DDFBFB7573E3AC8E08BFB7C8534BE6DE045B3CD63DBD71F7638BA2309CAE398EA3A7D8F98BBBC7AEB367EFA5CFA27A9F8F2F52FE878058E6209C026453F8E7E8A237DFC389E9590F6059B397CFD65183BBF936E86896612A5B5FEE49DAC8455D026218AFEBEC12B3523A45B
311
57B82C9C97E02ACFA1184DB18E48CF615DBF39C3CC6F0B4AE6BBEEA2E39D944E290302FA3DE33FA7E40296E2EF7BF1CD855BBECFAD0FD622BEE9746FC4FDFDE545AE6E3BC234CADF83A0FB76DFB145BF3828AE3436368AC24989454F8FF70A177672C711CAA1A76107218CF948CA01F873520E7A2B118EBB161ABAD4329320
311
29628B6761590C98AB590C8C8C79798CE9F715BA696E839E9131A4BB68BE923F1747FBFF165331FFDD4D05997ACD168F12CA75348DAC04C7F509FE83898A8B421181AF492861CE81E4A2DD0A30850CFA95E05F097FF70F9E777310D584A75BA7018922E271DAB1D785671157685B7D383D3E074DDB4F1E44EF04B07BAAC75A
311
062077C54B9752C738C9D804D402E02851F3F89605AF189738C18C021D2139EAF72513824E10DDD3047BACC8521ED7E98B257D1166903B1B08FA6F918FD7E162913FEC7D0EF4787E29C35FBA8C6E2C9C20E9AB30AE42CA2A01A090E7D010C1B5BF9CEE2A304BF3A987FB40D836979B79E18D70F257DA61E808472DD85B8276
311
1825779D6B90CAEB0F23360C6F80A7D7D77545E95B3DFF0CF96A827F9B5BCECD2C9698718417EF80FEEDEE938AFF55859D0D540B7FE09435583A6F04874A0C7E8CF234DF4879722000167F5872CEC6BF3EF7E5A8CC8121E6A359227C8A29C95212F9F735BC72A887D56B8F309FC525BFB4FD767AAEC4AEFF249CFBBD2DE1AB
311
9969A6155C7D8DABC307E47324C1F916C7BCFF40ABA5644E9FFB9238D19ADADA49D9610F01ABBA57E4DFCBDCCBB2B93C8953206C91DE01B0E2651A6D6C31721915B31F7B7CBCE55466F6D70402788FA91D73BE4ADCBA99A35F17D6B83383704917D6833F0FA3CD45C926ADB8BC17999A4A0AFBCE2541F7B8CF4C2F5FBA611B
311
3E626D64407CB32C122DFF4EF8674D6EDBB86C8F7C6A16D50FA685E2CCA34F8F7D1D8265BB0042E9D7F1F666F7BE5FAA5184DF58E12122A42EF02F461B3F369AC746F96528AD208512AB56844CF75B97F352DF7995024FB02855385854F3798670D01CAC771AC3E1889EC25F61A20C1F8CAB46898817F9C47E2CDA1F286BF2
311
F358298709FE567C91133E2638C8B53975E753EA8BFD3578B5F7186B7BF084EBA3F77BAC3132A5779902EC22AF2D2E79F42D324E083386DAEE9810D1B44A5DAA54513C7A71E52A4AB9257D975B621308FE4D2141CC3DCFE946C154A3C1DFCCA7629EC69ACFA831634ADDA93C0388D2A9A2DDAFCF957C6995BCE7FBB6DC4EBA
311
E79E63EB08E9A25F52F67076F7093CA545CA3053B5BF576DEAD4E0017143C5F759F32B2D6F145B52B67B48909B7C7FCA6586EE385A2189C16932CB6DDFD9152AE317C430492A578ED27B72D85D40C7C93C097939E1B50F4D67F05334FE9DC362C30B7FF561B95259138ECFD9274C8D695C31B14D4EAA9F3D7FA8DDF652F8C5
311
DEFA23284C799B7D94416DEE81E05A866302DC70192A5368EA65E1CED8BF107A1E2D3119A71E85DC1A7B0C1E93274CE04DD0F2ABC8AC7C987FDB002B6F81757B43502EF7A0D92E416494FAEEA4C9C090CD9557AA4D532F4996A272B94355C5A0E4974EEA9627476F30809B94D8D8D860062E02204643BEC7D0438AF800FC7E
311
2B26955D595421E83C69E1A07E0E3122285835F014AD538188CF9737CE76D464A353FA55A001AB2526B84E985083693BC76FE211CA1D000679C889E3C009832C87E1AC2EDD05C302557422DF0800E316FCAC86978A371F025A6C7DAA9F333E7BD160403A1A06EA75AA9888FF01504B03041400060808002F61454D28BB58AF
311
800100009E0500003D00000044313833413242422D464137332D344444412D393636442D3936464144413334333539302F536368656D61732F436F6D6D6F6E536368656D612E786D6CBD544D4FC23018BEFB2B96DE15493C78601010A34B880709DEDFB52FD0D8B54BD70DF6EFED3AC0B12E6442E2716BFB3CEFF3D18E26FB
311
440405EA8C2B1992E1C323095052C5B8DC842437EBFB673219DF8DA659866649B798C078B48AE6410122242F2A4994AC7F93815DF85C049C8564CA0A901499DD886B2EB9B1E02448F358701A9235880C49A0119892A20C89D1B9FD768815CAD268CB5E0355B40B1E47F3E37A2020464BED06AA57CE8FCC20C3C3446D46761A
311
2632A8C1283D07031EFF2AE7CCB1BFEEE916E406DFAC8E36FFD99A9D60A6944090EEDC3B670C7DC13DE86B6B2C5C240D6E503BB85ACD579D513F1B9F9A69DC9CC22AFA80C426D40AF0B21EA168559156B6276F0F726A6BFF04DCD513A87A62CAD41FB24FCB2858B3952E3D852084DA25B9303C15687973CC8E8AAE11DF2836
311
C38C6A9E765E8C1BA1BFB1DC29CDFE518C8B5A7655A4ED7E77291ABEB80DBD82EC866ADE1B8D05AF9E35CF09D7A061F38A986D9EC412B8F0F65E5D81534D9B231D1E5A8FE577A241F3A5FD01504B03041400060808002F61454DE336299B9F040000341300003E00000044313833413242422D464137332D344444412D3936
311
36442D3936464144413334333539302F536368656D61732F47656E65726963536368656D612E786D6CD5585B6FE238147EDF5F61E5BD1498E9A895A02398AA5D1E2A5665BAAF96710C78D6B9C87168D95FBFE7F81242134A968E469A4855437C72AEDFB965F4F53551642B7421B3741C0D7AFD88889467B14CD7E3A834AB8B
311
EBE8EBED1FA3495108B3E01B91B0DBD1F3EC8E6C991A470F22155A72F73CBABC1D4D5921DCD1934863A11F990102A6F61466977B8AC49FB13C174CB3940BE4504A22E3713489B7F82406516225536940BD88E4E552493E8E564C1522225AB0384BD56E1C195DC26FAB13882C2EBD62E1FF9E5B0FCC453132C99548446A1872
311
B62267078F1EF14C3DB1DD1952DDBBB384AD456779F387C51992E0ADCE12FED2622BC5CB1952FC9BDF3295E9206E961AB116DA7ACE45F76F07A26EFC3FD762FD7362FC3C0BAA4DB34C09E682CA5167BADCD16CF94370E331E2F1A3D852008AAD5D64BA2373478338AEB1583B905396D158182655E1B938D07926CF007CC7E8
311
5E6709999B0D3827C0BF406BEF55C68CF5579DA32C8C85BE03EFE788787E8FEC95DC85C3E31A615658D81F9A34499612004CE69CAB12531B15A887ACA642C110F8C1A8C1974A85853F407794695C905C688E69B116550ACA946B9B4785FC179E0E229240B62665328E86D5BD2C800CF5D80289F35AC25E3DD51508F4BF9A74
311
A0F5A557BB3D284BC6FF59312E282F956A75C5D453906F48D11A876599E49425602400842995BDF02C4D012E226658F78A710416AC552831FDDEF0E6F0BABEBEA9DC36718CCEF4DAC5A0DF871AECBDD8F448F015F8DA113A473609D1751672B723874B2CAB21ECD6E284E51DCC7D1A47A00F60EC21DC4CC3CDC406DC03760A
311
4E6C772F2F4D561A9AE58C4B03F5B4838701472139EDCB36819A66C472B52AB1139C648956F43E0DAEC067B56B0818F5961D3D446B8F1E1E78C0EAD7EE02AF2895D813E88AC5014A7B436DBB20F778D40A1D9737EFE45B47D49CC8360F9966B15AABAC802C1005548A93EE469F5D55317CD8BF0AA86CABADB2A009D4D6F60C
311
FE53AE370AFE8C45415B15D362A5A038E766E34B00F8C2E3E7098E2093B1C96349FDAEA158903B4BDAEA665F473FECE72186E3BDDCACCADA31839CD6D4FA7D47DF5469006ED340EBE71DF960DDEE88A3E17557039B58C278A1795BA8079419DA8FC5BA1BAA1A66238BF69C7B2BE4E6274839122B7D00BE8B7D52CF61B2D632
311
16046008C8B330FC10F8907787DEF061F47965BBA02FD8F53BA12F9827614979F53563D0BB1AD67A03DC0E00E2FB2CF3EFB457E70E65A3D7C78E7D700DBB45132AE9BBA5E468CD861408961AD8B00A55C2FCC677F4456039FD9F1907A5B3E2D0EE845FDBA2DAFA88C64195671AD6D282DA2E45B1F50A0D632B0D0B6718757D
311
CC7C84A70A3656F222CDA6DBF07E204AB358961D1BE31E53A82C2C0D56DBF61A5608B5A252A932A1DC6E32462430853353EA30417C8199A662E946A4EF352268B8CDB9A9C6762515ACE8E09BBC031C608A02C4BA89C9DDC074E46E0E26A17BCBD4ED43270D03E3645ADB81F6D62CC07A3243EB81C07E01681DDF2DB4730631
311
E6DDA6CBBD048BE9F06AEB3CF06B31DD6C9575E37E9FF17161342C4C76D95519672A6509E0F5C4E71B4B1916440059F57D0921F496237E473A83E3E4E06353BD9D27593594D7B6707C08D22FEBDFBFFE03504B03041400060808002F61454D8DFFFC99640100009B0300004500000044313833413242422D464137332D3444
311
44412D393636442D3936464144413334333539302F536368656D61732F52656E6465724D6174657269616C536368656D612E786D6CA5535D6BC230147DDFAF08799F5FDB600FADA20EA430D968A7AF12D36B1B481349529DFF7EF9A85A718860DFDA73EFB987734EA3D16FC5D10E946652C4B8DFE9610482CA9C8922C6B5D9
311
3CBFE3D1F0291A6B0D26A3255464182D920FB4233CC629881CD49C18508CF000E3EE309A100D61622AAB4A8A33B2483F11CB639C545B0E1508438C3D3C0361192846DB7ACD198DF186700D182920B914FC1063A36AFBEE8FBA03FFD3CC1D1F4FC9E151A2AF59F628C5B7821D83FDFD3489305080F2EE04BF962195FB285E9D
311
2DD352320A9E827AE357594914E42B1F5FE35F83688F60C4C91A6C946ED0668E8F244BC2EB0BA6E3BCCFC0B6A4B507F9F9F8D51EB315D9BA9E08D308E89F96931666E577837E2B4172199C68C4FE306156D47DF51C698C7B9D97FE5BEFE2190C3C38BB054E6E8163FB039CB4B993C80BF18D969203116D6BBD26238B821F9B
311
B909AD6D9C71B85BCD8C33D66FEA3D31B4BC0AD45BEA46BBEDDFEC0F504B03041400060808002F61454DBF41DC164E000000570000004700000044313833413242422D464137332D344444412D393636442D3936464144413334333539302F4173736574446174612F41737365745461626C654F66436F6E74656E74732E62
311
696E536160603075753230353671D535773431D635317531D57504B18C9C9C0C8C8CCC2D8DCC2C5C8580EA72134B528B321373120B0A52138B12F39253818260C00B24DD53F380B2C9C1C919A9B98900504B03041400060808002F61454DC55C663656000000680000004500000044313833413242422D464137332D344444
311
412D393636442D3936464144413334333539302F4173736574446174612F53747265616D56657273696F6E5461626C652E696E665D8CBD0A80300C06F73E4B29FE6CDD8A2E82A083B8B7F209014925C9FBA3AEAEC7DD2555D896CB85E51C2A1BD834F6A1F56EC4494C4695278364ABB24ABD2146F88CCEBB89D5321FF8F3F4
311
3D672A3B44DF3CB6A1710F504B03041400060808002F61454DC3F6CDC237010000A20400003600000044313833413242422D464137332D344444412D393636442D3936464144413334333539302F4173736574446174612F636E782E786D6CCD94314FC3301085FF4A648931B653845490E30AC1D209242A06B6AB7329561D
311
3BB22F08FE3D769B0154C4D4A1EBE9BBBBE727BF53ABCFC1551F18930DBE650D97AC426F4267FDAE6513F5F592552BAD6208F403639587015B56CA4CAB5D0CD338973AEC6172A5EAACDFCFC5FB949036B075F8D43F044FE829B1CA3848A965C9BCE3001C260A1DA63DEF8080373C620A53349827911D709E64220261C7F442
311
36CBBA91B5BCD9348B3B797B77DDBC295148ADB621B899B779590CE3D5429AE35EA6A51205D06A8A76A6CA6B98FE4B25DF5AAF4426B54A14B32B73077D8DB903C6D1590394CD13C110529D2184418923AC95282EFCF2E2117BEB6D6959676940213E678118C9E2057AF29FDAF37BB3F689C01BBC64474E359EDF8797C32F7A
311
3DC6F2909BCB4BCBA9466E7D7F86AC88C339C9D129D7457F03504B03041400060808002F61454D5AB6B34EE6000000600100006700000044313833413242422D464137332D344444412D393636442D3936464144413334333539302F5265736F75726365732F35454230353334452D374134332D343544352D414134332D32
311
42423032323739323638452F7468756D626E61696C2F302F636E782E786D6C4D90C16EC4200C447F2542EA31015255DAAE08FB137BEAA5A2C49BA2058CC054EDDF175A0E7B1A6BFC6479465DBE839FBE201787716372116C82687177F1D858A5DB7C62D345AB8C480F189BA209B0B16E33AD8E8C350D6B879BA9BEBBDEC5FB
311
300F88909D7D4FF16093F5A6948D15FB09C12CA612EE50EECB6EC82C72C950B0660BED00B900E380CD600876A657214FB314B378B9CAF52C5ECFCFF24DF14E6AF581E807EF2241C6F4B40A8B6D8CED1FA17807B4AAD90DAA8760FAE139C5DB52AB42B9E51F10FDA4069994BCB3865A4D1C2D01CD0D021314FF87B5E23D6F93
311
BF329AF66EF42F504B03041400060808002F61454DA233C2345D000000800000006500000044313833413242422D464137332D344444412D393636442D3936464144413334333539302F5265736F75726365732F35454230353334452D374134332D343544352D414134332D3242423032323739323638452F7468756D626E
311
61696C2F636E782E786D6C4D8B490E80201004BF42E6EE76F3C0F216234B883063108CCF170C074F95AE5473F5C4C06E932E4F28601967600677D21E9D8092EDB002539227A2FCCB80E1168D80A6417297A89C5D6963B7129A0D1E8F2EE73AA7B62BBEB8B27DE50B504B03041400060808002F61454DBE8976236300000088
311
0000005B00000044313833413242422D464137332D344444412D393636442D3936464144413334333539302F5265736F75726365732F35454230353334452D374134332D343544352D414134332D3242423032323739323638452F636E782E786D6C4DCC3B0E80201004D0AB90EDFD75167CCE820A4A845D83603CBE602CAC
311
26799919AEEEE0D965E2E908050C6D0FCCE04C8BC355404EB6198129C92351FAD580A10E464065907C8D948F8F166375F655BDC3FDC3B4E530A176BE7057BDC43B2A593FE403504B03041400060808002F61454D703B72217D000000A30000003600000044313833413242422D464137332D344444412D393636442D393646
311
4144413334333539302F5265736F75726365732F636E782E786D6C4D8C410EC2201444AF42FE1E450AB62640532207692C6D88141A2CC6E30BA60B576FF23233A2FFAC1EBD6D7AB918245C4E04900D8F38B9B048C8FB8C3B40BD1229C6FDAF06288CAB95503528B1A498B7434D761EB3AFD6BBF03C24379AF08619DC0EACC1
311
8CDF391E6AA25A134ADB1BBD76A62CCE7552F0FB2BACF7EA0B504B03041400060808002F61454D2C6A37820B010000550300003400000044313833413242422D464137332D344444412D393636442D3936464144413334333539302F536368656D61732F636E782E786D6CCD93BD4E042114855F65426239FC8C3159370C5B
311
5858D9A8951DC2DD5DB20C77028CD1B717468ADDC44E8BEDE0E4CBCD3907AEDC7D4EBEFB80981C869108CA4907C1A075E1309225EFFB0DE9764A46C47C86912EE809465265A2E421E23237C9C25E2FBEAADE8553131F709A30BC98234C9A74C6EB944692D62BD54B460BE944ADCE9A0A1A21E1120D9409D94DD02698083A83
311
256AE062D30BDEF3BB57316CF9FDF656BC49564925DF117DE35DC81071BE19B8C1720CC51097AC024A2ED135AAA620EADC1D2D7D48560825538EA58546E6AFB9907A9EBD333A97B2D80AFE304AB21AF622F2230488CE5C6BE60B7BFF16FA198285F8545E2A3AEDAF35FB6F2EFF56015B37A07C83BA10EA1B504B0304140006
311
0808002F61454DE3603EBE7A000000C20000002C00000044313833413242422D464137332D344444412D393636442D3936464144413334333539302F636E782E786D6C6DCD410EC2201085E1AB90D9DBEACE05D09878023D01A1D34A8419C380F1F82DA68B9AB8FDFEC93C3D7C52546FCC12980C9CBA232824CF63A0D9402D
311
D3E10C6AB03A3397DD192872090D3406ABE7CCF5B5D18893ABB1690CF4DCF02282E5EA8A5BB96FFE536F285CB347F95BEFFE81C9ED5AFF9D5B1FB575BB00504B03041400060808002F61454D6689D8F77E000000A300000007000000636E782E786D6C4D8CD10A832018855F45FE7BB79AAD15A8F187F41E511632D3E172EC
311
F1A7A38B6ECE071FE71CDE7D374B3E3ABC8D7702CA4B0144BBC9CFC6AD02E2BED006482779F07E3FD580B871D302B206C9D7E0E3EB50B35EC668B3B5C63D0FA9CA86E1ADEFE9800F462BA590B675AD520CA89055ECDE166971CD9384FF5F62BE973F504B03041400060808002F61454DCA1DF9C9A900000073010000130000
311
005B436F6E74656E745F54797065735D2E786D6CA590410EC2300C04BF12E5DEBA70400835E500FC800F84E0B411AD13252E2ABF27A55740421CEDDDD9B55CEFA7A117778CC979527255565220197F75D42A39B22DB652EC9BFAFC089844F65252B2630E3B80643A1C742A7D40CA8AF571D09CC7D842D0E6A65B8475556DC0
311
7862242E78CE904D7D44ABC79EC569CAEBA537E3521C16DF5CA5A40EA17746733E0B6615DE7217475F386F18B9481C510F1F021CD9FF027EA0E1F5C4E609504B03041400060808002F61454D3DEE336E64000000790000001B0000006175746F6465736B2D64657369676E2D7061636B6167652E786D6C35CBC10E83200C00
311
D05F21DCA56CA76D41FC96062B120735B69A7DBE268BB7777961F8D5AF396893C2ADB70FE7ADA196782C2DF776D7A97B5933C430F15651E5469C55D70F80A4992A3ADC954792C525AE70A1E4D6AD9816CC044FEFDF01FE3FDE907802504B03041400060808002F61454DC19E7E4EF800000096010000370000004431383341
311
3242422D464137332D344444412D393636442D3936464144413334333539302F4173736574446174612F636F72652E786D6C8550416EC32010FC8AB5776CC071644798C84E9B17F4D41B02E2A2C46019A8FAFC42EC4AEDA9A75DCDCECCEE0E3B7FCD8FE253AFDE38DB03293114DA4AA78C9D7A88E1865A28CE9CADCE855F34
311
28AC98750F1906CEA6D5C56587A4B341DB8C5AA7F40E0AEF7580423E52D383971F7A16A5882131FCBD5C84BC8B4997A4DC789CC568D42E352AB9999BD12BF096E21A5FBB118DED30A0033D52D4BED61DEA0E17726CC6EE726D3A56653167C1CC3FDBE5AA45D00A38C5A4450423DCBC117AC2DDA926EFACCA4CCE7C58D3CFFB
311
D2FC1DF0215FFD228260D536FDE31A17F5BF6B3436D47477DD141E3849473E079C5539A5549E11A69A13E5DF504B03041400060808002F61454DA2D5DE2DF40000008E0100006800000044313833413242422D464137332D344444412D393636442D3936464144413334333539302F5265736F75726365732F354542303533
311
34452D374134332D343544352D414134332D3242423032323739323638452F7468756D626E61696C2F302F636F72652E786D6C8550CB6EC32010FC156BEFD880E3C84498288E9A2FE8A9378489831283C5A3EAE71712576A4F3DED6A76667677F8F16B79549FDA07E3EC00A4C65069ABDC64EC3C408A57D4437514DC3B177F
311
D1A0B272D1031418049FBD4BEB062967A3B605B56ED21B2843D0112AF5C8CD0041DDF4226B996266847BBD4A7597B3AE49FDE2099E929936A999B29BB91AED41F414B7F8C24634F6A713DAD13D45FD5BCB10DB9DC9BE1BD9F9D231DE14B1E0D12C3FDB95D732EA0904C5A4470423DCBD137AC0ECD0920FDE14A6E021FAFCF3
311
B6B47C0702F3E685FE714BEBF4BF5B3236B674737B290208928F7B0E046F4A3AB93CA3CBB52429BE01504B03041400060808002F61454DA1504F4CFA000000960100006600000044313833413242422D464137332D344444412D393636442D3936464144413334333539302F5265736F75726365732F35454230353334452D
311
374134332D343544352D414134332D3242423032323739323638452F7468756D626E61696C2F636F72652E786D6C8550416EC32010FC8AB5776CC071644798288E9A17F4D41B05E2A0D8601988FAFC42E24AEDA9A75DCDCECCEE0E3B7ECD53F1D0AB37CEF6404A0C85B6D22963C71E62B8A2168A2367AB73E1170D0A2B66DD
311
438681B3717571D920E96CD036A3D629BD81C27B1DA090536A7AF0F2A667518A1812C3DFCB45C8BB187549CA178FB3188DDAA446253773357A05DE525CE34B37A0A13D9DD08EEE296ADFEA0E75BB33D9374377BE341DABB298B360E69FED72D52268059C62D22282116EDE093DE0EE50930F566526673EACE9E76D69FE0E78
311
B8C5F9D30A33B1EA35FDE31A17F5BF6B3436D474737D293C70928E7C0E38AB724AA93C234C3527CABF01504B03041400060808002F61454D18BE48370C010000B10100005C00000044313833413242422D464137332D344444412D393636442D3936464144413334333539302F5265736F75726365732F3545423035333445
311
2D374134332D343544352D414134332D3242423032323739323638452F636F72652E786D6C8550416EC32010FC8AB5776CC026351126B253E7053DF5866C92A2C41019A8FAFC42E24AEDA9A75DCDCEECEC8E387C2DB7E253AFDE38DB01293114DA4E6E36F6D2410C67D442719062752EFCA24161D5A23BC8304871595DBC6F
311
D0E46CD036A3D6CD7A0395F73A4031DD52D3819F3EF4A24A154362F86B7957D3555D7449CA274F8A18CDBC49CD9CB699B3D12BC896E21A9FF88086B6EF51437714B563CD116F8E64C7067E3C312EAA2C962298E5C77D5AB50A7A0649316911C108B33742F798EF6BF22EAACC94C28735FDBC99E6EF40B271C0AC6E46F4D237
311
356AD82B437DEEE830604A5F38DDB5A3A89EC23F86F13EFF6F188D0D35DD0C9F0A0F92A4FB1F0329AA1C602A8F7453CD61CB6F504B03041400060808002F61454D55C21913FA000000960100003700000044313833413242422D464137332D344444412D393636442D3936464144413334333539302F5265736F7572636573
311
2F636F72652E786D6C8550CB6E833010FC15B477830D2182C8380A51F301554FBD596643AD041BF951F5F36B27546A4F3DED6A76667677F8F16BB9179FE8BCB66600565228D0283B69330F10C39574501C0577D6865F34288C5C70800C83E0B3B371DD20654D4093516327DC40E93D0628D43D350378F5818B2C650C89E16F
311
E52AD54DCE58B2F2C9133C463D6D523D25377DD5E84074356DE8A51FC9D89D4E6457EF6BD2BD343DE97767B66FC7FE7C697B5E65B1E0412F3FDB95431970025153D61146096DDF587DA0FDA161EFBCCA4CC17D70E9E76D69FE0EC42B7A1B9D42CFABE7F48F6B5CA7FF5DA336A1A937D7A7C28360E9C8C740F02AA794CA23C2
311
5473A2E21B504B03041400060808002F61454D20459CD2F7000000940100003500000044313833413242422D464137332D344444412D393636442D3936464144413334333539302F536368656D61732F636F72652E786D6C8550CB6E833010FC15B477836D428423E32844CD0FB4A7DE2C70A89560233FAA7E7E6DA0527BEA
311
6957B333B3BBC3CF5FF3B3F854CE6B6B3A2025864299C18EDA4C1DC470472D1467C19DB5E1170D0A2367D5418641F0C9D9B8ECD0604D5026A3C68E6A07A5F72A40313C53D3811F3ED42C4B194362F847B9C8E12127559272E3091EA31E77A91E939BBE6BE540B414D7F8C67AD4B7970B3AD02345ED4BCD103B5CC9B1E9D9F5
311
D6305E65B1E041CF3FDB07A7645023088A498B0846B87923F484D9A926EFBCCA4CC17D70E9E77D69FE0EC4EB7AA7E7D536FBE31997F17FCFA84DA8E9EEB9293C08924E5C07825739A354D60053CD798A6F504B03041400060808002F61454D580144B602010000D80100002D00000044313833413242422D464137332D3444
311
44412D393636442D3936464144413334333539302F636F72652E786D6C9591416EC3201045AF62CD1EDB983875224CE4C8CA09BAEA8EC2C44189C132B8EAF10BB5ABB6BB7603E8F3FEC09FE1A7F7F191BDE1EC8DB32DD0BC840CAD72DAD8A185255C4903D949F0D9B9F00383CCCA115B4832083ECC6E993649391BD026D53A
311
8D9B28BDC700997AC4430B5EDD7094B95C4224FC3D9FA4BACB01739AAF9CE0C18C5F5635A30CA84154256D082D49593FD3EA581E8E8CBEF02291822FC606566D8FE1F88A3A7353889140D48C17EB75C416A337C8E8F84973353883E869C3BAEA7C2697EE89915DDF77E4B0DFF771B9747DC776AC3E94B148340BEEC31C5BB3
311
15494DF8AB7D35FE8AB64CFA9FD156870741BF4315A9CF82179F43887B9A89F800504B03041400060808002F61454DCC0C16F407010000B201000008000000636F72652E786D6C8D50416EC32010FC0ADA3B36E038B2234C1447CD0B7AEA8D1AE2A2D860018EDADF1712576A6F3D2D9A99DD19861F3FE709DDB50FC6D90E68
311
4100693B3865ECD8C11AAFB8017414DC3B177FC9005939EB0E320C828FDEADCB060DCE466D336A9DD21B2843D011D030A5470761F8D0B32CE41A9322DC8A450E3739EA82164F9DE0D1CC3FAB83D7326A058211DA604A30A95F293B90F650D1375E66A5E0EB6AD4666554723757A33D8886918A5CDA1EF7CDE984776CCF70F3
311
52B5B8DD9DE9BEEEDBF3A56E799997050FD1A73F6F4752CE8882BC675F5E3E29C1DF9D9B36410AA590B3D31708C2CB4CFC09BD2EEA1FA18D8D15DB0E3E3702089A023D88649C1B4CE3516F9AB96DF10D504B010214001400060808002F61454D83FB99470F010000A80100004F000000000000000000000000000000000044
311
313833413242422D464137332D344444412D393636442D3936464144413334333539302F4173736574446174612F446566696E6974696F6E4974657261746F7250726F706572746965732E62696E504B010214001400060808002F61454D98A66AC8310100003002000045000000000000000000000000007C010000443138
311
33413242422D464137332D344444412D393636442D3936464144413334333539302F4173736574446174612F496E7374616E636550726F706572746965732E62696E504B010214001400060808002F61454D88E57597CD3F0000904100006B000000000000000000000000001003000044313833413242422D464137332D34
311
4444412D393636442D3936464144413334333539302F5265736F75726365732F35454230353334452D374134332D343544352D414134332D3242423032323739323638452F7468756D626E61696C2F302F67656E657269635F706E67504B010214001400060808002F61454D28BB58AF800100009E0500003D000000000000
311
000000000000006643000044313833413242422D464137332D344444412D393636442D3936464144413334333539302F536368656D61732F436F6D6D6F6E536368656D612E786D6C504B010214001400060808002F61454DE336299B9F040000341300003E000000000000000000000000004145000044313833413242422D
311
464137332D344444412D393636442D3936464144413334333539302F536368656D61732F47656E65726963536368656D612E786D6C504B010214001400060808002F61454D8DFFFC99640100009B03000045000000000000000000000000003C4A000044313833413242422D464137332D344444412D393636442D39364641
311
44413334333539302F536368656D61732F52656E6465724D6174657269616C536368656D612E786D6C504B010214001400060808002F61454DBF41DC164E000000570000004700000000000000000000000000034C000044313833413242422D464137332D344444412D393636442D3936464144413334333539302F417373
311
6574446174612F41737365745461626C654F66436F6E74656E74732E62696E504B010214001400060808002F61454DC55C663656000000680000004500000000000000000000000000B64C000044313833413242422D464137332D344444412D393636442D3936464144413334333539302F4173736574446174612F537472
311
65616D56657273696F6E5461626C652E696E66504B010214001400060808002F61454DC3F6CDC237010000A204000036000000000000000000000000006F4D000044313833413242422D464137332D344444412D393636442D3936464144413334333539302F4173736574446174612F636E782E786D6C504B010214001400
311
060808002F61454D5AB6B34EE6000000600100006700000000000000000000000000FA4E000044313833413242422D464137332D344444412D393636442D3936464144413334333539302F5265736F75726365732F35454230353334452D374134332D343544352D414134332D3242423032323739323638452F7468756D62
311
6E61696C2F302F636E782E786D6C504B010214001400060808002F61454DA233C2345D0000008000000065000000000000000000000000006550000044313833413242422D464137332D344444412D393636442D3936464144413334333539302F5265736F75726365732F35454230353334452D374134332D343544352D41
311
4134332D3242423032323739323638452F7468756D626E61696C2F636E782E786D6C504B010214001400060808002F61454DBE89762363000000880000005B000000000000000000000000004551000044313833413242422D464137332D344444412D393636442D3936464144413334333539302F5265736F75726365732F
311
35454230353334452D374134332D343544352D414134332D3242423032323739323638452F636E782E786D6C504B010214001400060808002F61454D703B72217D000000A300000036000000000000000000000000002152000044313833413242422D464137332D344444412D393636442D3936464144413334333539302F
311
5265736F75726365732F636E782E786D6C504B010214001400060808002F61454D2C6A37820B010000550300003400000000000000000000000000F252000044313833413242422D464137332D344444412D393636442D3936464144413334333539302F536368656D61732F636E782E786D6C504B01021400140006080800
311
2F61454DE3603EBE7A000000C20000002C000000000000000000000000004F54000044313833413242422D464137332D344444412D393636442D3936464144413334333539302F636E782E786D6C504B010214001400060808002F61454D6689D8F77E000000A3000000070000000000000000000000000013550000636E78
311
2E786D6C504B010214001400060808002F61454DCA1DF9C9A9000000730100001300000000000000000000000000B65500005B436F6E74656E745F54797065735D2E786D6C504B010214001400060808002F61454D3DEE336E64000000790000001B00000000000000000000000000905600006175746F6465736B2D646573
311
69676E2D7061636B6167652E786D6C504B010214001400060808002F61454DC19E7E4EF80000009601000037000000000000000000000000002D57000044313833413242422D464137332D344444412D393636442D3936464144413334333539302F4173736574446174612F636F72652E786D6C504B010214001400060808
311
002F61454DA2D5DE2DF40000008E01000068000000000000000000000000007A58000044313833413242422D464137332D344444412D393636442D3936464144413334333539302F5265736F75726365732F35454230353334452D374134332D343544352D414134332D3242423032323739323638452F7468756D626E6169
311
6C2F302F636F72652E786D6C504B010214001400060808002F61454DA1504F4CFA000000960100006600000000000000000000000000F459000044313833413242422D464137332D344444412D393636442D3936464144413334333539302F5265736F75726365732F35454230353334452D374134332D343544352D414134
311
332D3242423032323739323638452F7468756D626E61696C2F636F72652E786D6C504B010214001400060808002F61454D18BE48370C010000B10100005C00000000000000000000000000725B000044313833413242422D464137332D344444412D393636442D3936464144413334333539302F5265736F75726365732F35
311
454230353334452D374134332D343544352D414134332D3242423032323739323638452F636F72652E786D6C504B010214001400060808002F61454D55C21913FA000000960100003700000000000000000000000000F85C000044313833413242422D464137332D344444412D393636442D3936464144413334333539302F
311
5265736F75726365732F636F72652E786D6C504B010214001400060808002F61454D20459CD2F7000000940100003500000000000000000000000000475E000044313833413242422D464137332D344444412D393636442D3936464144413334333539302F536368656D61732F636F72652E786D6C504B0102140014000608
311
08002F61454D580144B602010000D80100002D00000000000000000000000000915F000044313833413242422D464137332D344444412D393636442D3936464144413334333539302F636F72652E786D6C504B010214001400060808002F61454DCC0C16F407010000B20100000800000000000000000000000000DE600000
311
636F72652E786D6C504B0506000000001A001A00210B00000B6200000000
310
504B03041400060808002F61454D000000000000000000000000370000006662782F38413145354246342D413831422D343535392D414638392D3331413244363030323334462F617474726962757465732E62696E504B03041400060808002F61454D000000000000000000000000350000006662782F3841314535424634
310
2D413831422D343535392D414638392D3331413244363030323334462F76657274696365732E62696E504B03041400060808002F61454DF270F1330600000004000000360000006662782F38413145354246342D413831422D343535392D414638392D3331413244363030323334462F747269616E676C65732E62696E6366
310
60600000504B03041400060808002F61454D88E57597CD3F000090410000420000006662782F38413145354246342D413831422D343535392D414638392D3331413244363030323334462F7265736F75726365732F322F305F67656E657269632E706E67355B773CD4FF1FBF73E71C0E67EF7576C9DEF3EC995D46C6A1EC50
310
46649CBDF79E192942562825CE965D8A868C2842C8DE9FDFD1F7E7F138F7078FCF6B3F5FCFD7EBFDFEC41B196891913091804020321D6D7513FC77D8C5070EC3FFEE51B21F068154CC75D455CC028A3EA68992803810109FDDE5D5CEC5521B28A1B422BF80741695D5B529DA1C2D058AD2388BDA9F476F7C2CADC939304173
310
DBF48A452BF8A700C0C70C3D121C1AA15A5270C22E2B9E28763651F7DA0D12CE11077B2ECD0D560B5E3DE2368B1E65C5E1C87384A4CC5F2D9FB8BE39E9B77C753783A37998F5CEF1B4FEE553463245C9712270880DF339E0B882A6BA713D865F6F384C842D440934EF264F4A304F8DE4EEFA1E2BF5E2D91F5ADD9613D6E31D
310
DB33ED31DB1D7916CAF091286EA3D31B9CFECB78BB0060245B943C4C040119FF780A74DD308BA9D028678674EB5504ECF284EE814DAED07440BAF649BE4B55DA2890F4D73E2D489A59EE54FDB0A85B59F2F52C4858A02705C4815A792B0C4A996A2023ECB195073E115E3E3647F64243A8338F2000BCB58DA5692C7E7C3D41
310
3F963FEDF3CF00FBB0F831A9D51360FECA43819F527B89FA260EB63C5DA676830AA3626A3693B23F1A17A0DFFCE3EE164E31B5365EDF0C89EF64D8E38AB0BA9A1117D7C3A0EC44F44F4023095E80BA610DE336D0F99593A88BFC5306E72DF98F7FD132ED95878DF2964EA7E43071359FD83B2BDF9C6B5BDF768F0F3C0FC351
310
199526F53D9460A34511F75D1B63E488178569472C91A94497807A3FD4A390C6558F26D416365C3656DE6E769DA9D8FC73774E1709812842DD8EF96AED1960F79D21B395CDDFE6F92CB4EB962A4668C76990E2EF29798C8941D67DA50F4A5F947872460F1F6FDB794E8A29FD7AC0C0D6E0714339CE258FB17AE8535221E346
310
4A10F29A0BE5EEECEFC5675926A89F49EB14E5711894F6586DB5754EB4D5DA9C6437EBA57DB97A24F8B8A8DB295FFD73266CF57E82694DF5166DDF93573AFE9C9C5EB05F8FEF8E89E0A8917B0B3724DB7BEBB53252581EFC3E38166BA131A3A5B42FE2AD00A769BBFA4458D2DE7822F8C4F63D0B8E21B285AE13325F3410A4
310
35C648C9D91FDEB109E73CEDA7BC796961AF79175E1A3CE4C5E8B0D009B0C9E29EFD98BC8E97554E3D8D838424E270F7685226E5AC268E021EDE3522D583E8F20C0BDE2959EF5BBFEEDAB32FE9A3ED0E39F211A86AA9DEBFC68182EDED132AB8BB794442D2D7EA9F4D8BFF52BC4D55BB165124EE90A42D101E67BBBB292FFB
310
4F66DE5BF2300E44546757DA7CEF8932BFC9F92A0707953491A55C5A5ACEDABD9FA1AEA01BAC3DC5A24E22E7C47213493996EFBC369D086ED9397C9BA6C7F9855C7BD5E15BFC8C53DB3D2A4C5901A57ACD2FBDF4D1676E95338B2C2BCE65FDA4C64F5FEFDC7D9CA5AA1FCF11E193F2FDABF0F4916BF13FB916A224380E6462
310
A9815F2300DC49CC4DF8D055CEF76462F4B7A7ACA7365C2707891370BC1D0AA6203C44CCAB47084FEC057F27FFCD57F89B8B9852459798A675C66BD7CE572CAF71FF7E6D7ECF7BF62CAB7B3F1107DCD04DC55A3F9961700286141C94A4F771FEB2BCDA2DDEE0CB0BAE402FF1DB0100F8E475DFFFC074DDB4498AB7D186A765
310
4DDB1CB680D703D47CEB4E72F8CB13D86A4AA68116E26387B93FD6738779B34FEDB8E517EDF2BAF28D9BE93A1D3A164320E07D42E514725C29515FF361754213EDE06B079A2E99EB1CA82A02019EADEEB87B9AF005BD04BBCECB14AACD6B24EFBE482194A97DD32400685FF1FEF1544D1B14EFB1E7F08E6D2CD2AF52DE757F
310
35F5E62332EE88EA26417AD5C3E0E319D68F25414E6D672BD4522B278C57D18F0113921C71D96527E091F00CEB15AE23D24667369BD3CEFA10C7549D930890BA4366F4EBC55F01F746109F98ABCDD5A3EE06619C6AD78AB33E48E4C9BD21BF7478B385EC05C4F8987E2C1BFA0A60EBEDAA0AE0B015C2720ECE180FB6F2DEFB
310
EB822D96338C9B63822183BBF52FB664A7AE57003AABCE512BF77E7E31BDA2E739AC4C131657DDFE5225E900FB56CC01CDE808FA4A9C9DA16AC679656BB64796283D89812B8F91136AE18EE5EBBAF47A73BE3C153EB5D4CD491B4BFB4FE690A4CF9ABA08C0D8AA64220C438C96EA6CA80B58FE5761E697B3A292EB9FBDA502
310
FA863E49FE694ADDFFF9D62C520BDD1A22014147A0903A05B9B729F54272EF83931FEEC057BFF8C8055C279EAC5C0011804828734024F6CFA319C9CC6867C727184465CD9BB7ED386AFFD96B294A85E3802FAE47244602D8273615952B98C4F23F7EAE4463D9D638EEE374A20959E0FE519C4CFB0FBFE5DD80C2AA3F9DB961
310
D1BDE57E67C9BB47B77FDD74EE3094F5DBBE3EBC1FBDB7393F5116263009E2EFE1AF9A221B2AE234C902BF70E9F280ED23E73908361565964333A3F01D0B006AF32FB21AA1316744B489D5A198E85299241735BE559675130955C902A8ED761FC0DBE337A9F91919AF5CE32AF902ADF9AB2615E00E8A94586BA1A90839B618
310
32FF1BFB76D2EFADE6DB1BA04CCAD3DA649E7E2A0219F592E22F2AD54847EEA8E42271011E9074F8F3DD9FBA6CDF88FFC9FC7E811AD1CA8F4557CE4AFC7BBEDCF0114A48689F20A584520C74DA8127124B767E2FB91A6B186246727BE63C9445BAE02088D58B8EFDC0F1072407CD9B89A13F6303B4A928F593AD489B58E686
310
9325790ADC406036C591729FE14021F94B7796BB11848D463536A092A26F077F94639F7CEEE2A724C66EC885F4A24F8B8A0AC321F8FD149BA529460FAA34E4663C02D41FDF80BCA222D42F0ABFF8490F4FA74C673807C2051D8E467B47B616072860069A9A303ABA9B319D58404461401B0A0F9BE5E1E151C14BC33B32ABE0
310
3DDE91708DFAEB15E7C0D593C86BB7D7EC17BE56E57975F077BFD5525F3A1A361D584A75E08CF29FC7B44B2B3085014F3A5A14517377C3F6B8F37E59514C3B12F8AACDEDDA4DFC49BE5710101534CD6FB6DE15B50F11A09472AABA727F0C49D9CB906B158030065F48EB3625E010CEC1D511D0053474B11E6A4F01C0D6EF1B
310
ED3A944FDEC70E0DDCDC756C86545910E0DAE3BE3AA9A404574C2995CD5CAF9549226BC94B4F4F0F5F9086F418F6B32346464610D8BC7391D3C3A3CCF04CFC1FB2A3A3170E369511868F14EEA4E5E438CC73DB1F3248AA94B6B2FF33B222FF3D1E7BF146CAD229770158063BCE4F5391964DF62F7E52A7BE0EEA829C9E13C4
310
C147D6F93FE59E111DAB5E4594D6F3CD1AD375EE039930EFE5AF2BB2D41C83C7DABD8C659BAFBE8FAB392CA634F3D15C1D945DB4588D2B0824A4EC928AAC565557CA2F0DAA588CA5BE30B3A8004F7BF005E96CBF891D7F18112A3619FDF530DC8AA64954258E1811789B5189B49B4EB53F5F89F7D37523894F3EB57B373763
310
C91E502F52CC99EB7BDDF933FC324C4FFC2561DFFA7339FAFDD0A4BFBE6D3A8FF9ED1FC49898139864602458968913181918F719CCF5A68B2EE9C1FF050E34E63107003B8120FA982C21B30A874E4F5E4B38D5A8290C4B8D9BE48A0BE31EA995BDC37AC6DE90BA17D259DEF53605D55922FEB1855D915B659FBEB350EE0DFB
310
2F9F766E1C84CC8964B75D08667445EAB966015F63A18A9E0A325C1B3DC628C0D3CB60F767FA93CC65F25458BD23C3B312716E5F40E5858AC06EBA9AB14F95DB99147B832069201541D09A0D856E12C629CF32683760EE855537D1901988D5EBC156676C7DD51D7207CF3267AF1D76C2AD867315E44618015313A98B19941C
310
696FED3461CAA9B5415F918556D7802EDACEFD6B2E45853A9735DFC9DBF7E440F9319F8B6805A973BCCDC76C069A9144E51F187EDCC12FC31B5DEAAF0A76137199B106EC84ADA6B6EE697D4E6A96E007417F4E880E8B1E89B4BCE9D81EF611E2ED8F0C1A6C25F620FAFAAB656A7C42D464880E8AFAB0E0FC8EA38CA9A8AEEA
310
EE3E4648BA4680270A89743CDD3E6C6CBF34B7B640EFA285ABC7EA0A1E28F3CC963D114A80123EE66D0AF7D5380EB41909B605AB4765B709B808590458157E69BA1378FEC4B48CAF6A730E3BE3C5EF2DD1A5EAF94B1DDE50CEB55DDFD7EE9A16747FA4B223359FB1FCC69E1194892BABB93A1D5C4E807AC0EA2E30180811E7
310
7A2291F6E7F7FAA5E0F60215BC6024E48DE436C511F0628B8CA189982D4D83CCA17D305A7E923C37941CFDFDCD93ACAF735EF5F0E61BBD3E6C41A59B242790D3A3BAC7064DCD89AA2E37214EC839820949D5CAA31E240D2948E48F690298974A96BA9A8432BC90F5071D6537C9666EA4564796B7AFFFA548077BEEA75F6308
310
3435074BA182F3699557397F71548383FDA8CA34D99B981E72835ECDA5DDDC151315173D05A21F651AAF8524E88209E2E7A737ED1045800CE3390050BCFB8BE588DF111617874C62575039CA588EEFDEFEFE319B739DE2EDC147092A262611E159650E787917885EF08F1F51B8F2D8A71D60B58B190FEF9541A1BE94BC19FE
310
A50784DA1419FE4B0FB51B8D36B5FF8E1286FD8AF42B91E59A5F1CC4D60174E764045FD8C57B18209B217F89A62252BD20BE0E63E12B8E8F029FE19E0E8D0870F58721A557082250D5424F7909369376E41666C0EE77CD87CB283F661D5FB6D0DA023CB67320A20DC7BE661E9E1BFE5463085C557DA1FF9BE835733766C3D1
310
39F2CF9E2208873AD0EB4814DE9E6BF2CAF81614D4D43906ED1C05A3265CABBFE192770FC2F64F940CB6B17B5F166F133C9AEEAD2641807C3E69515171DD74C4A85311513D6EC9530B3B601B6BA3EBFF3B5C3D2F7D69765141E345F75433953D013ADDF8F6AA7DC3F4A7563FE5C7D367937E2900D7EAD0F9FC9A4A1A9B5BDF
310
1FEF08532660C01C5D6DE22199AA774383E306DAB87E301ABB7D213887F9869D4942D0D71E94B27EDF216A318BD488D45DF84529EF575AF3C3938C0AAA0215B01994153E2054A0B894DA5C784980633AAD48576957CF4AEAEAFADC7C587368551C73DBE1E57C58AC713303A8BFC258BD04B51724459FF9E24C03A81E0E0679
310
CEB9B348C0DC998FEB9C6D6EFA77D247CC8F92D3848599ED89A23218D0636465AD1CEEB7DC140D7426F83491C4E8E8281C2FB35240918FFECE880CA2A42D70E8B20B34DF5221C7DB0CF90ECCB9C745B37A47E9B716FF7A97B7A252C1F3814DC7B1E1A7F72B8751D524EF7CAE45B0C73B3BE7D08ED39781B380DDFC9AA4A474
310
9C9493DB5BAD07A6EA6C092FBD0E85DB004DF06B8C9D3089C5320187E4CE1846158C7EA7DDAE8AD9AFFF21AA3A1026BB06A259845E8232DEE62811A4DA9CEAB3A4887320B76E2AE5615EAB7BDF738CBDD01F1E64064BC13D9EC53576751CA8CACD58B3CEB0E6CA585BD089B2A59B9FC101403387AADBDBE70586B93D64BF3A
310
D4453EF9C3B6A93817E8346991798601344F79A83C51F3D50F7BF2683A3605F51A72449489E0EE6169C749C60B1035651103AEE24D24E51A759C840DD3FC6504DA6FE107510E447B43461C79D22970B75DE5E1BD3007D1AFC619A4A4A69B5626AF5E9B8374E20677F77E2F8E73DF868E8BEC7EBA7B6A75EEF7205E1AB9486C
310
B642741D6E03FF13FCCEDB1C4AC129886268B01CDF4B124AF797CF784F3C6DEC97A17D4B558070A0F1C04DA4FF9BDBF34159AEFE958479824B3F58EBD1E19088A2AFDE501B6F2052368A3FD0E650A179EFAB1561E1D27527077136E652676C3670F42DCB3352F48F6BC86D2C3B0051727E41A0A4DC6CE2BE9D47F5CAA2935A
310
3C0539AF080665997194ABECD723B08129CC5B6B21D2E7D54CD4D12610E7E9FB8306771A89576C7A982002775ED44F3F744CF21EEBB27A631671D921938AAEE3EB0D19CD1E083727F607823E817BF599DCED5394E37EEBC2E88782E638920CA641EF74D4CDFCDEF06F4278ECB18E31E7E9876F2D783C8BF429C75395F57E98
310
C2B495A3DA077EB3AC3C158608B6B57FE3EA48484D9A480096FCEE0DE880950E7E5A5714131C5C41AAA29FD19AE81AC145FA1B9E85C7169A5AB837B213493DF7E9AA4B5FBF9CDEB36EBD21EF1181B7CF7366AB2A951D01E37AF4EB835D1BE8C117CFBE7625D2EBCDB0B20C5A4B45CED0BCDE3EE8DA9DA78C2E21DEAAFFD119
310
7E463C33CC6A80FB785669B856EFF7A8CCCA2841B5A5369173320B1170C368B2748D81062EA0296E5E2D95D7667A4A46D98A6FF475C76AAB0A8C8D45E226FAFC9FE0133EA9F60111F99CA81ACE03A1D14C89E8B0D69079C91464FA1D99E651D0EAF606F345C42A8A1AA9BA391031582B96D5B4176A77AADB01F12FD298A75D
310
EEBB2C82F0B8650E880722F8DDD90C56A7A058E5FDEF1AC93545BA27367C76F5D8F9690CB6F8DAE141EDD7971F0FB548A2AE435F224D6E5954CA155512F7332029D5A1230854B79F258EC5FFDB09F5F6343A8EB193229B7F7E79B3E48F8E183860B38C8269D1B53738FF1E0BACF6AADA6D4869E9DE708E79B5DADCC09B1BC7
310
6F649731CFAF59A83FD8BAE4C749D66FA87A3810D4D62FFE826FA400C0F325D2BC0F3CA35F5847B82A2ACC7961745C823E4D863D54460AF792CE6F79B5C7A33B25C3AEA6CDE15A919B6367D781E9D44F61BF828672594A3E1D9EDD6DF179A81F27EAC05B936575D73E05C209DDD2115CFB705DF9BBF3C911589B3640735E9E
310
618FC9C36A7326C82B2205E244C55D56FDB9D5DC93CE958D4BF8174D2B3DA54CB3C09F2C2A6DFF73D23B2197355761AD421EC581284A7EF8DE2CE3497C0C804D49B41DFD6A7360844E5BEFFB495CFCDB97A4595911CDBA623274CE852B5E278AF0BEB1770E9D37CD977B2766A7DED0E94B840E1E95E8C77DE5CB6354AF7871
310
427C28ADBEEF7BA0A28E19DE9ACD75F379FE373EAE6DDDAE3834692F9C2B03B4FCA8FCA9ABE8EEEBEBB725B88A7C90941E850682CA04061A7DF0CE82ED49BFAFFD42C309818FAE14755CAAE78B0F73243ECCCAD7DF58FCB9CDFAE7A4D3E6671A613639130D056C8383C8F4FCF4808C331E544DD26E4755D09EA05253B3049A
310
1E32587CC25D72E073E2CD96D04A71BBCB0038FEC3F53D254199C3CDC67CD66640269431860225392B2CB3ECD0B4498AAE78BA1994246AE1EE78F2EDFB79F6C6CB6B5E279C4D373FBC21CB2698C9ACBBEB6A4BB6B39E16AB0E421CCBFC7654D81ED86022F9BB522146F9F4772E2D0E4FA70120C95A85A417BF5078B232F475
310
4363EB1750B2AC2148EB46B1EA72AD9B4D23ADCBC589D70106C3EC2ABEEED84DFE28E718C6C83502C28E9FDD3B09DA0A6F6F7B72B706A31C9E2A331EE70DA56A083D2177BFD63C55B11D8D949FAFCF90B23A1E24B9B5018B9A17E99F2890EC302F330FE7936E2C23F0D237EC8916F5166AB84B62A21BB0B950146962D754F9
310
2CC2C8877BED8FC7B7B25726DD19545392570B3A2C66B58F027BEF412E552D12A588C4A3CC5C3193FCB3485EFFF700D0B9EEC077754A33DC1FB9E25AF814628F91DDFECB667D3F7690803F38D13F8AE39353523BB08FC6760144AFA2CE28236F65EDBB3D5F59A57D612B99E3D7E5F8A851666BF9B5A6658EFC96EEB37A378A
310
BB0EB3FDDF1303AF32C41BD1C8560745D7BD81066B0D6313359CF488563D3BA3F8E2185D1FAA3EBA1397C9D0E3DD232180A4DCADB6AF25DB3AC3CC26589C8239E66E81547BC7E2F328F9884764CA37EB5DBE390DFC03A5246B456A7C3684C4377D0EEF9A350680FA9A077E8B2957B489E09AB1AD41316944C2254B5984830F
310
691C93CAA767EECF976FA5647538830B5E63236A6F0365C1E0F3E327F24FE35EDDBD7360B0F7374837409F7A6311BECC12B7026D4FA1AE204FA3F5FE904B1F420C7A9044AE58E403E7C4848E7DA25DC9EDAC79DD756FAA26B9EA83ACE8A214A2612A22AFA19DAE7DBAC5F8CDE1292A485F98DAC731A29FE01A3966E96BCB9F
310
B5A4C8830E1B9AF0C54B87FBE221A097036E5D28D1F869F810C06A9BB0AC0612F69AEBAF893C6E7AD59460208BAB3A6B09CA4F6BDDAB8CF0D1F84B72487498395A70DCD754796E271099A567A55CF242BBED64696378BB6CF25EF0FCDB589F3A82F1116D010A9AB9FA4358809EE0C973A2B4229BAA876A70B03AB49CBA7FBE
310
71DB1832FFD32F9BF2C8E98075CACAFB36921235D0F552B6A67E94E094097A5D7DF681B40623DA535ADA7A9AD8E9A62407D7C9A5AE51D62A17A83A23728DE86BB56115804D3F2675F2C6B87541A0FC497BF0CA86420F558C9859EBE9FAD62747E323E3AADC03FDCDDFE7407B09DA90B44E3185723C5381EAEF589765E2F7A0
310
99BA46695BAD60CEF3491B8A171F5F56444F7CE9455312C3498C74173AEA0214EC029833B34B650CBB5A5508D5091665309642791708ECF27CF11DB3D797D6CFE474453BD4BFADB768094B2147814D81C7CBAF8228DCAF5564B5891F5EF6A860EB2E323CB82AB868D8EA048880D63B0DE5341F1B3D53297B928A11E15F25E5
310
148990F710747C3509ED14909C552EBE3973246FCE55D00564D8310BC3EBC5085D08D806799B77D6C57FDF5E55837F9E934F09C03C729271B64F12D0A9F9E938107CAF7BF1EC8CF1BB9B42363D33070F4CACB425E605DDB0A34A12BB936DE286B9887A4E2E558F0886498BFF49C311D96C277CF6A9FC0D75AD0ECC5226D7E0
310
E3572012E56D7FDE4410CEC7A6D0F997F225A2055B8B92E3956E875AE4993CB3D4C9063AF98FD45E1BAB165640A43439A2C9181A7C355B297C0A0CCFFAE19B6FA3C2BA238A885FBC98B8F6DAF4B94B97304878DF4D8BFF6A4AEDF79E90ED4E68F00CD7299F4E0D83E35601AF0CBEF18C1E870E74758FA91F5131075004DB3C
310
FCF09AE1DABC11957FD9808C92E8A678CE9DBE40DDA0E0D1D505AAFBCBA208232BFB6FB3704E8985E61ADE53DE74152F5C7DE74B1DEDCD37DC3E8FB30D7EBA8B9EFFC3606BF90B8D438279CB7709FC7C00D327F41817EEA71CD9E49FE9C8C9A81C70915D9F0F15958EC5AA4C3BBFAF46986B90F188BDB24B89DE3C6F29EC3E
310
6F66D84856EE96A35E657CA41B41EFD8DBFA16AD6E91439EA92B40B21C053249F51AE50EB0B24C770FFAF40DF12C8436366819C48E36547D4E7B72FE2BBF10828583057814A668BDF183F6B2E58DFB151103E56303E63D00F39C27C4661605DB644D19175D02E3F0241E8FC3458D17AAAADB117CE9EEA690D0DB01E634878C
310
04C2C9310B69FCAB831151E3AD293BEF6E46B0ABCECB50F5939B39C613D41E81FAE8D34CAE3C4566B761D37185FE864AC32FCB71AEF39DAA5BAB88609BB980CD2F07A8F941653B529567726E2B2A58D079DD57E1E5E31426CF184A04D7B03B985F276D47406AF276FE32E3328BA866EB1FD39BEF57863A317634AA5FE46740
310
9B3873F5069EF0D71AF00AD189D17BA1974ECDB2D623E9E14086386A6AAB5807825C37B015BFE892AFD154920EC437EB945D958E18622E1E0FE2FA06557CE4BB9BBD05A2D40E774DA2B65473791E314B7D6C886820B2FCFE4AA272B3B8B15E7344A145E8AF919B5454D89D36D413E87211186BF6F645E5EC94DCCE8E1C7990
310
22E4EC9BC86D7A0F2AFB1FC4B2CE48F84B3F49ECE65BAD24CADCC07EFF39AB06BE9E6B27A059938EA7208838455383DDBCFCD967DDE4650EF92A14FF933C975DB20BD7FEEBC4487576485963D757D16340D9599FEB362F775F38CA4185A86F74B629C81B133644A3B18FD056E997E0734F9BE26D11C0AAFC669E2AC9FC41D2
310
81F8B2E1C35AE27BCE05F3DA295488096688719D974DF1B5D182DB7792288697F8763CFB43562C1CDEE11C4AABD5C22B6E33F6F389CFC3477C5919DC0D533F8A7A1846B7ADB60ABDC26C43D0CFC8910B7C15EE22675BD02702ED39DB77A87A192CA7A543E6205B979B9F5A6B512A3CA799E198B2D5797C0AF8D1D872CA455D
310
4D431A7879D4DD76110B5FF7F4176B54477A9EB5E4A5D11214FDA585F0382751D8E2582BA5D2075053298FEB8F1537304E32CB22C2E2B693DC0A760B1DFCA751BDC445AFDCBB12820ED85F6D5298933C7EF1211E9E057684056CDA3FEF3BB6052355E162DF27C59E965A8DDB7F9437EB72CDDA3A090DE65A5B2F50326247B7
310
EC67B73ACC7047FC9B353D6EE990F772207C6EC52B39DC2F3C0754821DAB559F7C1809C7D0DD5B0499D0442E0A6E391B3D5DB46D11E731E6794EC77523FBDAA242ED67F9FA1FB684255671F63C9BCFE6E7E896D51001A6113EF2298BA494E0B0980D1FA5B9D60796554C02256B1E0345FB7C6186B6A19D2DCA270416262845
310
FA4F42DB5D9B0A0B6F07FCA2E56C242522E001E0CEB734AF310FC8BFB57E38E03AACE93B3326A2197891E68452B26A6307FDABFEE0223D3C03C3C73D2D5BC054C8311F12004CAE488E5C29287F8156A2CAA4AD0D7BE6B97264E4139F437CE73ADF52E5134C52B819777C18B323A5924E4F67AFD13B1CDC3A61793A79FAF5C0
310
CEB718E441071E797C6DCCB9EFCF7E4A1E9F3DF3C2F9C9E8294E9586868788C972857FB0556D7A26941A7EEB9B580AD78EC40B85DC906B4120A563CA3B87797ED612D3B035962BB75F6515A393F4CB057F564CDF54F2E5A024514E6A1F901DB80C7E70B1FC05E356A7E72FABF4775B3E3FB8F70A2A8E7B6A94542BB3041579
310
78CCC999E707A29CC795E67A59CC546A5D47B368954CA7B6E75EC9E1F6FC73CE3B4F71F8CB1A6B15923D61EAAEB14626AAA9D04A26EB9C66CD1BE86CA31A5D8703DE04CD1EBCE4F5CCB62F93909AD11E55799A781A956ED27D3E738F4538CB04ADABC7DAEF20BC35BA6A90BCC1DC61BA05F20D8832FFB9BC9B15E2DB838A0A
310
FBB7E0C82A562127E0446894F427794C3037186F622BF24DE1B00AA10A23BFA47B2A180D6DA5AD6F7326FEB8C100C2D7142EB2A0B2A9D1008A09BA343D70E054AB69E2A7EDB783CBD92537FAF4A44D1296AC2792729104B3276C276C951D0CF3CF3F1E6B017720A7B8505A5FF9589365979678C36F1BAF759EAF57C60F1FF5
310
FE9DCF5F8E764FF25A2D06CF25117A8FED51884C13B2B750DB0E4F5E3D64124FCF11F0AD8F1CC3B3DA4B38ED22BF1CB2585EE6BFEBBA63FBFD44F9537B9B37BDD6B358720F98A8125AED4349CCFEB0E135F19E208A04CA7E2B10711185D72E381F448036EF57C9F874E54A971CA37A639E986AC0226DC5AA00D5B14FEA9192
310
234B3DE617814FC221C92F33F1D392F297731B567FD98FD91D989379AF567A65B8ADF177591DB90FBEA99BF4ED11B16E50A0AB1DBF1156D034BBE04D69D08F939D8E92BF525A1DDAFF80ECBC95D8F45D3FDD289FD23F7D8B452F8EBB34EC082DEEE68E18EDDF072060FAD2AB1504DD4879BF67099FC58F6E9DEFBF645D1633
310
4A3E9A127C6F1AF6132CF287E433B43A0EE93812B4AA0B194E03EE3FF91EF9C6ED0074A2F6EB18A96A7C9890B1FCDA1F2095E944DB911ED54C60DF16FB74C8CE9BDC7C54C4F14078CF73C2FFF1F1BBCCD7CF64F71407EA1683DBC410D226627F66E509060D5C0AFD611DE681D509DB8DD12FB1265B03C6F5C55FF4C30BD941
310
87FF692B4F152982502F193098A789526A038AB529A52BC0DC4FB6285CBAC10A8B8DB75DCD9BDABBB221E27D1F8DA9F5EE5926A1C8AA9BA9BC09239C6A7F12914EA3B59EFF7AAEC3FFCCE56F1C5C2980AD072793527565E774F4631DB178CEEC691B1F367BEA0CF2907E1D6B854D527065979DDEF002D8B2ACEA7CE21AE297
310
737EDE1D45B31233B73FEA35BCFDD0B09721FDBAF6432681F2FD10C3E9EFB246FD6E854B344ACC9D8A0EEF876A7314B49B6A499FC650B099D650DBFEC7638ADFD245E2B7839DA5AC5F7D5623FC0ECEEC8653FC9B2BDD1AD4D00A566FBA7186DD3C9CD26512551637498CADB950FEC71ADB9A5524285DE328B8EC7EC75D2345
310
AEC6A27C42AF6D9B92155315C80DBFCABBB7DA0FAE425C4FB896B15C9BFAC4FE67DF5A23D30C93DA4D8F36FB15D100050DA6062E22AEC5F4DAC4F6FEEF97AE05DE63C6D38F9E068A20BC5E3B6BCD75320C5090924E7F93640A7735B1A43451C2D91EE62C6238B797349E59890AF3A520DF4A87095F3ABEC2E61F0593416CE4
310
6CDCBE0E00E2523FCCD04408588B5B6C9DB6459C786CE378770B54F51DA3A5E1DF2A3349BEAAC234A6CF8993B598B3B25B4B113E353A4D750FA7534749430F3EBF2512E7EA3FD43C6AB9A1F765A58463B306721A15D224FAFE8C6F5E3432D57EE697DA0DD5A9D4866A8BCCAAA9DFF1F06047851408FEC060471D0E3EB86BFA
310
F46E4B5E60311DC3E3CEA147C75CF971BE74689507154FF2D2E92F15CDB2B9182B11459FD8ACAC5A85F174BC94A7F4EE4C4F5CAFA7C02E37BF0BC77B7DCD0C047BC316F562A01A441AFA7931CC84A28CB9F4AA367EB515778F29BFE61195FA671F4352E5E46E3A64773F1F76EE5EB36D7BCE9BCEAD837A4D77F8DB8C92AEEF
310
6711920D7C7D0F76B0FD0EB7AB83724CD35BCA7D36DDDF5FBB7FF6F04A91F3E2BB3B8F1A43CD659639507FF6331C5F697BCC782AE57D757A27D97F1AB9E0AEDB43F92F1B2AACDF5FEC8ADBAF9F814E2027003BA2F9E144B1938A7A04050AE5D953B82C45619165C813A10E76DD6906B3C16438064D14CDA713AEC420034613
310
E1AC7241904A49FBF87409AFB1FCB9B72FE7933A87D8FBEDACECE4EDCF6A4FE9FB94D5DEB74FAB7CFEAE17EE965DF980DCCA2D04134994F9A2E94D2265DA4FE6AA7B7AC15FACAC2B5ABBCD7DFF542C5314FDAB2E1B9D8B65220B8E2B638BE008E8DCA22678C820C5053664D15E89F2D735B51A84955E81A443545E9FF787BE
310
0FA700A76D136C27DA179A7C6E8939E01BE756E19CB292798063D8B97F44E8A27BCF3A614FEB8BE974A718E86F7EC99B53CA35FA24F61F2B07266684623A3D4CF073E511F3A10A8FDAFAF0078C577F4DF9D339FE7862E5FA47CF4344209E5BF76D783B1B48E152AD281B15FCB934DCDA49CEC5706B1EE8B460F435324A5CAD
310
154725E21AB8044B75A557A79F6C807B9340AA3D92503E866F4274412926C8C504E4D5EF8C0E68DD0B028781A6B4054F11CF18941F101C57CCC796773ABC8DED9CD91FE5788806C05E548895354AEAC96546D55B0E94A59F148D061F42AA398D822CDECA4CDE79E13469BDCC44FDC990F366BA5978C15F97ED80CBFD73B0CD
310
9B8B83A4F6845BDFBFAF034019473FB9A63BD55D3A4A7284757071574029A4D016DCCBE95DD679EF3C4880BF169422F8C89B68A988D2B13793CAED4F74DE7486C72DC94DF46B8E93D8E02EFCB1FF9B3BA10C8AE7F653DF94F4AF466CDDCEF5776687F7C4C14B63E4EED1719DC2EC482D7DBCC7AE518CDE3D5FF86D39000EC3
310
673C0044E1D308BF05F74D1B5F033A7D1BE7F74BC55BBE3E4A20F920946CA0271EB17BD2B80E5660ACB8A29A79F5E4BBA49D4D945B6EEF4A7EFEAA65E5555BBB57A7E15D2F83C69F30BBB978D2B39F1F26FC097424D39BB33CA3D87ABF64E307938B685BAD44F71556A30B7E712CA4FE600613C3E554B69ADE949A7CFE214D
310
F1FFF05CB82151EC6FC31950239F94CF7AD39DC473F6EA356E5EC2C4EFA04383CEFE985A127484366FBEE3C0EC4FEA363E4F6632AE781392FD45D67B63FB8DF70E82734F431FD3443172A0E30A83D60982D55FA6A2CF86DBA8382502ACC6CDEF3B907982EED1160E14863FA242F9757347E1544275CCDCF71ECD5F8621CBEA
310
326B8BA884AD7F825781923E66971F04010D574C541D8427A438A37EEF8AF88240EED7362C953F5A81DE2D56109CDE2524EA0F5D2F87308C0C47BD97AD605878AB8589E17CA83930CB5E0DCCD75853D68B1AB136594926DE426C367428E9334AFAFF90ECE221BB5DC9E5BB53D2CDEF954EAA9CD814F0E5725F1965DD458E5F
310
8487683AD86B9D0076BE3EE91EB1CECC5331A67A3F79D8B27587C12EC2A6A70474749F27B4C0BBAFB94B34189E88DC18964BE4121B9137FD516C7755356E50D6714E31ACD222621EBBCD1CFF81D87479056A9DA0E0B8EA19D24CF937DA89F78E8650CCBDC110AAB6C4E46DCBFD0446BA9E2060E81F314AC2031E88135E5476
310
AC0160EF5C0DD2EEF1B8B5CB2D198BE9A554A9093B5F7D7E4B5407DDFCA1D9C152FD97F55BFFFDFE802954DFEC8995B983E28AC92F1971E28F531DC407A1280EB125F64A72E617EFB27DFBCEDCDA2D6F2BDADA36873EE46B9BE1782998C63DA7182BC383FB6FD15DA472B175D7E8B4FC88F38D6E07FEAA3FA3CBB8F6B449EC
310
F14D2175E5C5CCA3A42ABF24CA6C9395AF74535F4DDB38CB84F56614B0FD32D7E19CA5CF988DB4449C40E23DF2B16772594554579094450F56F253CD25EA7F77366FB1CFE79696C428BB64D5A41E986189427E5E4D7E2DAE3D5BB4972B3DC44EAABDDDD63A2264ECFA5C786EB0EE1FDC5BE34FA0F08376869FD1E61EA06CAE
310
15191135445EE8F0394161C3266A596AA035572BB0C8876180D8B9C77D307DF9DCDF7365ABDA6F3A2366436457A4DFC1F259666569A9E4A79C817BDD5610E5200FCE894A358EC72858D50EF67545DA81C6FACE3D457BAF70367E1E6BDD9A952FB4F56247F58F523B97E640246051A72F79BE42FFA0B3187F63097F91C48B86
310
8586F714B0EBD5A00A8412C1236E1298F60C72BE6C96B82B404CADAA304AE9F303176B14BA53FBC2D5E86377E35542019E24D97B96A49B2C0E5006E7795954DEAF5DA58958839043C6C70BD3B1B33B6DC5C31316D8A6923F142E26F6711A2258AF977DDF1F970ECC4F1F2B434B96D81BEB6E89BF3BBB3C7C8CC80505070723
310
D6D7D7D3C8CA27CA164A26024FED94B12A86031867241DA53D929636DA600F050BC40CE48B8BA03D69224720DEE2ED2127390BDF5E6EA64527BBD4C4C63FA76BB801FEEC0E61218EC98A8A86CD8313781617877E66692839B9468CF4DB8E50A73986E558E309C0D6F676F921BE02F1185454DC75B111572FF9D27D85EA14C0
310
5AD7271225B391C4275659CA4A43759D0BA44639BE4C30A84DB7F67A41399FB95CBF923B1B1672ABC807C1590557FB18D811983FA97F5E609516D62281D38B1281F68FC75528C35E4CD7DF0F7DBB5E5DD69C414EBEA2F4A5B241B996BA77AE6C772E367408C633EA3E438B68563EA8BE7667F3A4C4FDEEA52ABD78A2820F44
310
3B7914A15F180018D231E64519C56A12F6CA7C8DAE18F06F6B769DBF92329EF6A5D18FBCE600F36BD8E8198DE5CDAA96181F3A756EBA5501CEE58F497EA4F418A2B82565B9BCC611713C0B708CCA1F398B78C5F7D03B3437CC18F13061F55C7BEDADD5ACB1DB0E36D3CE47FF6EA1A563A57E9649EA5D14D1A50EAA45746338
310
1C073777EF1600607BAF6428A7DDC079D47A204EF1E1F1F0589FB054D45E02CE623B3823C317C601E589E22B1E88B448524B86A82828E32345EC18AE17214B42F8C41C6D428016D9BA31DDCB47572561E5A402E5BA4FCE55F78AF7268524AA04130F3A20BA5D1E9F9948EA48FC8F5314FDB35E21898198060034ACE5E3E2BB
310
CA34092518F275190AF65F45867FF0900AA4B81F25427414C372BF51DC29AA855C5428EE1EEDD6B849AD60F6E73475C2D2523F8A2772C840A478DED18A8C5C91B085F255DC4F54EA7AA8947354FD17ECF8FB3B4A0DE7B483CAF3A1165EE05BBA413E5C1FEF3DE1D6B8F2F3F3251C17D9FCAB48A9AAF63AC773A0E413BBC46A
310
9ADF84A566FC920E4D8C52C9769EE3301CADEEEDD92B312E02E2A7E35B7F1E7D203FE5A7D75578B06E99D0E46FFADB8FDA17ED8880390DA29094202D6F645F76F6F96409CDA05495A96E84B04A00D1A6C6C81D7F3DE9376E828CCF144EE50E364ACCE7237EA0BFB5607ED1AC3CFE73794E5B61739D14DF1743441B1AC98F00
310
ECEDE9E7301FA29755FBEFA68C91EF2B314CF510537EF1ABFC9A762496280B546F5EDAAF8A5B387D469FC9A878A92828C88608453ACEC6094DCA54111E7AD5B2663DFE2DD151B7F123B9F4FEF8EE36AB125FD7AD52A59B1B765B3E3F73E3F73DEA93875004D2AFFE3CDE9493B87A9904DD052028949041A91DC0E1BA47BA71
310
4343FD5B25E0A6A09503AFC17C790058A836A324FE31D7893512E28230332F153181C1E018E1124EBE1BA262AA428A518237D1EA7275E48C5C561BD19ED6912EDD8367DA0F31E40EEAE9683DA9257525AEA7B632B97119E17145A90231768A4F3B9120FF32E8319B015E3CBE26F1A754177D8185345817C096B0CE443A955D
310
13AC15E1FB5DEEA0239EC32A3C92241A237B0B02FFCB4F93CF2B02570C8D192E2F2A68CEEB42F12E6F8CEEFF46C251E22B4341C56FB08CCE550E7A9D6F4D6564B9EA52A83D5BF2C6E03FA19D2775E15A8A7ACF30A13C259EE7F5EF2AC3BA354F1500E1A07FC63FB4686E2F12EC69719F9ECF5FE3F35598DF2CE944008CE78F
310
0911BA5BE5D0A34E0098FF038669C26030BA9B300303039852A8F6F496341737CA7E0D2E3AAA36DE0A70AA7D9CA0D54D9AD84B18A44C9E625475E1C97B93BEBB38DCE7D227E67A2D00F531436136355F243D1FC0D712C5765754FA22FCFFAE97919161F46D6E61ACB37D83777B385889770B50765B127768443A5C4D3A4E35
310
A3151111F146B7CA116F918A049F1C272F2CD7976C69A0068773451659A97E0F4A08FE604C3FF6CE7385DB19F4D3ABC8A0D80DA8A42096AC377DB49382B36E270B6FA7570188B4B7D1DDDDA82ACA487CCA5D38BD3BD039ADBAFA4ACFF27809239B722081E2EB9F145320553D183F28471C388BC8814E5045676767AB58A8E7
310
2D1CED2CA731379515D2E533E4CF0B39DFC625F97AC4836831A4DE330E87A8126FA17EBE583D614E71E22A8DBF2825599743E0640037303E8E1B1E8EA4E1ABFA4F62907B5E4E0E5DCFDAB417C36C6848A2B8D15F1E505434C0707E16B1CFC2A1C36A42BBF55734F8F4301DDC2A5110CEE8C0747F69519265012A2174BF4E95
310
5ECD4FDE095A3ABC70536B7AD0B9D7892F81287D667C108703C9B66A221E9A0929D030008F77FF6F5D2108EF5706FC87A3069B976F7C9FC3239D13D283CDEA83597461079FEEE049B0F392889898B7D87D31F8D60ED7B56B91823A8E4EDDB36C6172ECEE42BD42B12CD67994FA0F0DFAE9389356F4CD4425A4B8AA55CBF7EC
310
D585C6A2C2316791E43D5C06841ADBB226A87FD61515FFBB0167B74E56BD7F3E90A57A97FEDCBDF483A0D6699A8C0849CAEB4947FAA90D8E332D9DEBD9F4738C37DA0CAF9CF3DAA68BCB67C420459C7A64498D6E848E5CADE92BB6901F607AA331104A67F7CD650EE169B1DAE94D2C31C2F993632259B6957E246EFE4C5481
310
107B07118607700040E5812A2A2A38DA0076875258C753F60E0F2662C748EDD5F3F3686B8FC3BD6FE631ECCAA1E8B1C1E565AD117E54893E79F4672E32F9E46B2A183DFDCF3EECB4D4D077DBEA0DA254D256045109670050129E9B9B1A9E4A11344D61497A992778095151510C4BB7EF2009B63AA4360635312E4CF668B7E0
310
D3D85A8688E2BD83B569439892ADB63461930D428E0DE42E4AC57CE48DA5CC1449530D8BD3D6A0F08DF20C8E8F570F2CFFFCEA286E30969B4654D498A58D9DA782E19FE3F002181838925592C4A1EF0B332D88B61A92C644547BED490D3A42CFFAB70E36D961F694F6307F72FF15A1C79D5B1B5CEFD353D9E2B52566DEC8F8
310
F09CB3E8359C0F68EBBB7898243E34E12A015B2685AB303C04D3A9E00671FF3DFF0A184E4A2ABEB2B666AF5B3A209C73D8EF29DCDB069C9F391EEE9DD0F74C7BCDE16F8F02E3B8816122BBEB50665775B600549D8BB33A54A6BF940C028118BC6878C79958D6784F9DEAA6E26748386FFAF8D0D0101E2847B6563F5D8DC1D7
310
8F787BE00E2C941AE12148D4A81599FE8F68D4DA5CDED75530ADE138240300EE13B0FC13A1687FED6774662C05A2B7DFB186732F0D7A93545D8B0A6390AE5054D9CB582DA846D7A061B3358B45E2B52DDE63E114397EDB7E09233A579155D795BE76102CF277F4DF8B188C4F2879BEAE3C08347124BF9ED23B128259FE107D
310
31E34A652F090B30B39E0D9AF917B76A2806135621A8A60681F16AF216514BBD02711585B5B1AE823F4B2D0369EA5B6BCB863072727FFC871CA6C9AB79A814D989057E9470A3D238BC87CBB4A0EA49AFE2B86F22E499793CAA9047080450166BDC357524561E258C77CB697F1ABB32562CF87C3B7AA12F911EF19FB3E5C022
310
22E887D08202A60A17151F5E053A86B437771088B4FEE14D652C43E8D939995D34545E12E2FF93D4E366EAD25F10CB7DED141563C3D0C447AF06078A91135FD4B9611583CB4BF3BD167F2399CEAB0E0100F8FFC305F00F1711717173138B4B48C83022295DE657EFEDD97F238ECA80F528AFB4F8D67AD4E2594B9A3AA86D74
310
87EFC313BA95745C186F0CDD84CC12DC9CB0424B42203D351FD9C0A3AF10CC7F388E0329279087386421F194F4A29464C1DEF7EF8BE515E4A199DCD5B909342598D8FE6A231F71336248D5CEC5454455C7BE383B3BC7B260FED27F703FDC39A170F3827239102F59D4DEE7FEF82EAA1A5E4BA94DCC4CC44E7E2EDE20F24244
310
E4454369D2E87C3F823F193FD4FD27E1C23984B01898D15ABC20711A8A558054951A6AE280096BA36CBA439603B7B0B4C45F248C14B2383B4B5CD8ECECE4FF859AD4A6CA2326D020EF090F4041D28DB66E5256B56232CC52829DE8060BAE6BBF37D4B7469B822454FE93210A3E8D15E69FFCF01123222611C51C4FD0A041A0
310
CFA2471CF6BE38D2B20FA4C3525B5B8B586759475CF80ADFE67A284AC24651E52B8E683D24C2622642F27E7C3C22783BCF63648BC398BD6CD0D9C97E7E7E3EACB6126DB7A6C1FD9F1031302EE67ED96F22B77C7CA0239BB324207559B105E4693EB26EC46182A92C9C0DBD24F29B31C5C5AC1F84300E0E17CEEAC15F5736FA
310
4A98971E2F1423BFCD68D4BBD5F86E74B40A369F39507C88FCDB35D2DD8DEBEA4AF999E23CF2816D204200DF6E611781B9884C1AC8888B4DE397320472959434323A5A36B22A8E1F721A270DF3BD65E4A31C11FF048AFB0D8B7B6881423793963A23CFCE935FC189ED36FAE35C46DA3574C979E4394BE52084F3081837BE03
310
3396D2EBD80F1F691B273F660D2B32FA27A33B1DE4ADA5F0FA4651511102DFA410DDA86E065272CA314D5249DF91B06BB92807B28EFD54F08F7B525252782CD276DD02E6B0319B13DF87B1F6361AD6B28FC0D711CF445429B9E5A433CD493051C49A9E03DDB1B147D880253514A5DED88009018620EE229101C041950E2D8A
310
A8E1F5F5438E0C0C0C60EEDEE9E3E0C051948C69F84BB7B2A48A1F3C8EB9E6864687F4F4F6F6E2FA87608ADAF9C5E117B7C1A737E710769DA1D15ECE6A84502AA855398712D5FB51BE92E4EF824969CE18278798AC303C2C7980DD2500ADF8FB1E6D6C2FAAFF9987178923334A244758BAA01A9A1B70FA5097D01E1CC2A58D
310
AD0EC94CE6430AA9B0C10D75E3C6BAC670EFBADEE1607739CE0FC18A2587E3EC3058562014C64219C69BC269082D5C2F4A659278D585755912176D78A1B641719C2A394CED495A1AC5D583FD2F5EDD93308EA7EAE8A6DD396598BDBD3D4CFED62D18A5BDFDE0DD5C80D1A89BA62697B131AE7CE9A6594138582F1B37D68F17
310
49AC7CB67A70695D48A4A056AC1FBD4E82358CEAE38F54B95A9016F9000F9879C0D9D131768635CA798895F27D6F1614F11F2838A83611AA51C9A3DDB539D42979C29F10465655C17BEC3E2760B80DCBF609198C7B171A531905F3EC218D696025975E986C6B4C666666787271F202805577DD5A3EF0CAFAF91B62DC4B2DB4
310
217A7606282F31D8DDBC290593BAA93EA6353AFA9939B877978481E15CFC9F2755CDC00C538F63A4BA3E80AE009B73CA0185687D339A507D165B74290D6EE46D5C58148F020C3668ABE9EF2F7549170DC80DB41FFC1D678FF19AEB10C7133832B104B80F691B3138F97A92D26E551F1F110400D45AC71A9B9AC41A1A1B1DAE
310
ED0B0810638EFFB511D46B121C6FEA0F38CD00E03CFFEB9713FE1F9C263E4DDEC160D0497FA9A132BA608584057FB15380825DE6C7FC3C667EE947D488A09898D8E939C4953BF4EC9836344D2CC6B2971B2A21A572B06096F4982D2CC7232D46E8EA69DC83722E267754D777F97F96D5DA74E1E75178084D0E70F12AD33E5F
310
71EF2AFA599B2BEBF60A5BE475F444F240CBFE8143C334E7ED9150FEEFEF7EB020C4DBED388DD1D6A167A76F3CBF119B578AE8CFA7736ACAFA4440A1C47185638A0D2F3EB5BDDEFDA958FB13CE4AA4923D5BF840392D45544329525749734866684BF7F8D9D54D892E19BCA9F829A0F8BFCBEEA6CFDFC61D74EA1A645ED7A1
310
FF241739F15694BD835B66FEC5677E40FE69BD3F91AE402F036537218A401CB0828604AD189E575015C6F3F6BBC8AC79CF6C70653847254B31551EFCBEB5978B9DB85D58D0FA41A9DFE9C624834AA04949D24B5AE6D299E072D152D12097920F14AA92C31C3B97E28B6C2E6E9C23D63043ECBBC0A60FDF5BD0C33C127EA8A3
310
308B8B6AFFEB28B4455BF6E7AF4FC6222728357EB8E46E85053E6A8843AB23295BF838ABDA94658FEF3F832F147046B4ACD6F7D48E8FCC9618582961C898D1C7A253C91BFECBDA6BA18A1FCF70755DCCEE2222F41B76D23CA98D0CB3D95F0CF66D57FFF65E2A90F5DF40FC3187621E981BD0BC1D992787212688976B94A8F0
310
C6EF646624B570B78E068826F87CE27041A95C9A4871FF65CC17FCB1639629AD6A9517000D63AC231F3D741CB8430777E7ECF80CE7A3F73C0F162F7E56AA71F4DA80A33CD6ACEE78E2C11FAC03DAFCE929B106F8F6B3ED2DC71FF994BD9CEF4E9A94896EF1B6E2B7B4978168BCF0847A3D2A4F1B0500B926E634B174548E9F
310
BAD27153FB5FC36799B1E6C7C38A94E1F9E996796D7B485E635D5287A2AE76FBD11A341DB3F8F810385BB7296391973DC6C37C452A9305AEBBE0CDB6C566DB59FE60C8E94B1FD090354BF51439FFD1B48D725228FFA88C84F686F547107A7A235665A4593B7C34D748C1AC8D56DD5DA861EEFBADDECBBD65117E65851F9035
310
1AEB65F0EFCFF4BCFEF24CB7A5879699FAC437A7AF9099186CF006BB923A59E37D7A36A29FD8D2CBB914A5E9D0A8FD212FBF796AE9A67958FF1D5D8B85F78F96219D4714EB919929241B6C018AAE0C02069F8D919961EC5DDFBFB7573E3AC8E08BFB7C8534BE6DE045B3CD63DBD71F7638BA2309CAE398EA3A7D8F98BBBC7A
310
EB367EFA5CFA27A9F8F2F52FE878058E6209C026453F8E7E8A237DFC389E9590F6059B397CFD65183BBF936E86896612A5B5FEE49DAC8455D026218AFEBEC12B3523A45B57B82C9C97E02ACFA1184DB18E48CF615DBF39C3CC6F0B4AE6BBEEA2E39D944E290302FA3DE33FA7E40296E2EF7BF1CD855BBECFAD0FD622BEE974
310
6FC4FDFDE545AE6E3BC234CADF83A0FB76DFB145BF3828AE3436368AC24989454F8FF70A177672C711CAA1A76107218CF948CA01F873520E7A2B118EBB161ABAD432932029628B6761590C98AB590C8C8C79798CE9F715BA696E839E9131A4BB68BE923F1747FBFF165331FFDD4D05997ACD168F12CA75348DAC04C7F509FE
310
83898A8B421181AF492861CE81E4A2DD0A30850CFA95E05F097FF70F9E777310D584A75BA7018922E271DAB1D785671157685B7D383D3E074DDB4F1E44EF04B07BAAC75A062077C54B9752C738C9D804D402E02851F3F89605AF189738C18C021D2139EAF72513824E10DDD3047BACC8521ED7E98B257D1166903B1B08FA6F
310
918FD7E162913FEC7D0EF4787E29C35FBA8C6E2C9C20E9AB30AE42CA2A01A090E7D010C1B5BF9CEE2A304BF3A987FB40D836979B79E18D70F257DA61E808472DD85B82761825779D6B90CAEB0F23360C6F80A7D7D77545E95B3DFF0CF96A827F9B5BCECD2C9698718417EF80FEEDEE938AFF55859D0D540B7FE09435583A6F
310
04874A0C7E8CF234DF4879722000167F5872CEC6BF3EF7E5A8CC8121E6A359227C8A29C95212F9F735BC72A887D56B8F309FC525BFB4FD767AAEC4AEFF249CFBBD2DE1AB9969A6155C7D8DABC307E47324C1F916C7BCFF40ABA5644E9FFB9238D19ADADA49D9610F01ABBA57E4DFCBDCCBB2B93C8953206C91DE01B0E2651A
310
6D6C31721915B31F7B7CBCE55466F6D70402788FA91D73BE4ADCBA99A35F17D6B83383704917D6833F0FA3CD45C926ADB8BC17999A4A0AFBCE2541F7B8CF4C2F5FBA611B3E626D64407CB32C122DFF4EF8674D6EDBB86C8F7C6A16D50FA685E2CCA34F8F7D1D8265BB0042E9D7F1F666F7BE5FAA5184DF58E12122A42EF02F
310
461B3F369AC746F96528AD208512AB56844CF75B97F352DF7995024FB02855385854F3798670D01CAC771AC3E1889EC25F61A20C1F8CAB46898817F9C47E2CDA1F286BF2F358298709FE567C91133E2638C8B53975E753EA8BFD3578B5F7186B7BF084EBA3F77BAC3132A5779902EC22AF2D2E79F42D324E083386DAEE9810
310
D1B44A5DAA54513C7A71E52A4AB9257D975B621308FE4D2141CC3DCFE946C154A3C1DFCCA7629EC69ACFA831634ADDA93C0388D2A9A2DDAFCF957C6995BCE7FBB6DC4EBAE79E63EB08E9A25F52F67076F7093CA545CA3053B5BF576DEAD4E0017143C5F759F32B2D6F145B52B67B48909B7C7FCA6586EE385A2189C16932CB
310
6DDFD9152AE317C430492A578ED27B72D85D40C7C93C097939E1B50F4D67F05334FE9DC362C30B7FF561B95259138ECFD9274C8D695C31B14D4EAA9F3D7FA8DDF652F8C5DEFA23284C799B7D94416DEE81E05A866302DC70192A5368EA65E1CED8BF107A1E2D3119A71E85DC1A7B0C1E93274CE04DD0F2ABC8AC7C987FDB00
310
2B6F81757B43502EF7A0D92E416494FAEEA4C9C090CD9557AA4D532F4996A272B94355C5A0E4974EEA9627476F30809B94D8D8D860062E02204643BEC7D0438AF800FC7E2B26955D595421E83C69E1A07E0E3122285835F014AD538188CF9737CE76D464A353FA55A001AB2526B84E985083693BC76FE211CA1D000679C889
310
E3C009832C87E1AC2EDD05C302557422DF0800E316FCAC86978A371F025A6C7DAA9F333E7BD160403A1A06EA75AA9888FF01504B03041400060808002F61454D51464CB48900000043010000360000006662782F38413145354246342D413831422D343535392D414638392D3331413244363030323334462F646972656374
310
6F72792E786D6C9D8F310EC2300C45AF127987122606C71DD918B841D4B851A43646695A717C52A85029031293A5A76FBF6FACEF7DA7264E43906840EF0FA03836E242F406C6DCEE4EA06AC22492573150D1F66C60C640E8938CB705396EEDD86DE9B5042FE27813D640EA63BB001C722AF6E55CB61E4863F58284D5D3F53D
310
D715CE1C3985E63FD7F1B7EBDD617E9F1E504B03041400060808002F61454DE1222D3F41070000541C0000340000006662782F38413145354246342D413831422D343535392D414638392D3331413244363030323334462F6F626A656374732E786D6CDD595B6FE23814FE2B56F665F781DC8016469411977684469D190D9A
310
D5BE452618EAAD739193B4747FFD1E3B7688D300E95CA4D5B652498D7D7CCE77EE2793F78788A127C2339AC4379667BB162271986C69BCBFB18A7CD71B59E8FD144D7892E4B57D168A71446E2CB16C4D277B9E14A95ADA921D2E5873F56EFE17CA4212130B850C67D98D95850F24C2362EF2644BB2477B8B736CEF7707DBB3
310
CB8D26D93DC7E943E3AA147312E7C02AACC7404571E099FF8248CE74E2880DC6B67EB76DFE996D8E14DC6494C6598EE3F015578DEBFC135C35AEEB7B83E5AD3F1CF7868341BF37B8F2BDDEFC6EBEEC79D77D7771B5588C67B7630B4D279B2461950252126F418B2FD6D49B38E29B4A7C85421BDF6112C7245468B66DD81245
310
9792AC898901AC2745AB29A494B5B6D0EF28FC896D9D40315832D0D6C2E9CFBAF5269BBF0184AC8B95F28C082BCF720EBA56D897FEE04E9C72D5D00BCD508473C2296688D10DC71C14045B4B05196484B70852486026B5A8E9D57905C3BEEC4B6D5CEE0AC684FF5A53E96901F823C933C919FD87F023F7F5DB802790B6A071
310
3E52C2E62F2990184F1CB9587ED7F7D597259068C7F01EAC05C4149BFA7E03AF858805ABA535FD78B739AC457C68BF3CE5494A782E2C4F3AB3F23BADC19A6981F17500A5C4D5D4DD1195AF00FD2740BEE2054D40739C1E068781969DE338DB253C02ED2017F55CF8E322F1F8EA69E25487A70819B1F214A6E0B63F0953430C
310
E3EE1AA4D3C913187DC2FB4AB8758819D8F43D8D859F83A12096C012C4FBDDE6604D57104C61114E6106D2C3EFC4118F083E4A3A106F1A1A6A0BBF1D14A51DA6E967475D7D009BE134AC5465C8780ADFE14FC177B65C7F5C177C874372AF1C7B497634A63924D376860CD00D97FFB6FA243DF2034B36981D4F1B9B42B8669F
310
88B8D1A296B5520B927A014E441A2E352357EE29783B6338264991A9F5B63815262CE1C1E625285DB8F5AE3FB50D94972903688D6590DC434E5381893555DAAA02A15D13142C0C736581FB52ABC1A688D2004749118B50FBDA149B7C409C1196085425356DD8DA6B35D92DDDED8A0C82572BC98501A4F2674DB8B4F001C4B1
310
367E39D9710C493489030A39189CA5F506E3820ABCF33C6784ED02CA5811053BCA208F04114E4FD0EF28413D733D9297E7846F5B099A96A57D52DB90005C01AB41D2D9AA8CF94AA79C3C515166CA7CA6B381B143D5A1D67470225D884CD102A8364669E6C3DBB93BEC0F6E7BD73351310D97C3DE4C3CF9F3B9EBFBD763FF6A
310
74DBE45347AB7ABE03558A32C7F0BFFCA1883631A60CBE1062E36DFAEEBDCC9E370E84466734F36E87F3BB416F36F2E67037D46DB3BBD1B8D7F766FEF2CA75FDFEE0CEE1244B0A1E92CCF11D37D02699C6FB535C69EE5EC750286B2E273BADAFA630FFE318DACC098612FFAB41B48A5D2D0561D7202A8E3643280E1F458A0A
310
42A8FA5ADDA711449B7CB4C5B937C665D7EEBBF2C7F3C6BE3BF647E3E1B063D89337FD70A46B932184CEB3C88324C521CDDB536A03998E2CBF29BBD87D6F5862A3FFFA3E02BC3AAF564C9DCF4C8AA98046784F821D167D454B28BD24716BD6DBB324CB684C32D917BEAA171B345D1BCA2F334BB7982DCD8288E4F87B2C5636
310
1A0D2F8068CE02E860733143B85847542EA07A96531445BF0CA95ECAFF1264384A59D91B5FC2C0F33504BA2B6AB350C1B4B8E209EC33C079E06E891C755CA25EB1AF2B8A56AD35A98FBF9BFC09787425F40BE1D157742FB6ECA137163F2308435743AF7F755DA9E2125AFAB25CF47EAC806E357C099E09DD3F742A4EBB69A5
310
56E69585784E22687D715EF04E1E7B05D144DB9616484586864BD46E7A6341297B3EDDF5C165B2E93B5512D7AE81DA95C6301BEB24C82B295A8D58EA42CE01C5B8EB0D9EADB1B948F58723E62FAFB2EBEE17C981D1651CA0C22E43B08A3F461DDE5AA91B3554F68CF31042E95A7EF6E6E0115BB23D367306B9B6B25ED7B497
310
2AEE9508A9114C79B188B4F7E2817DC5A06AE8B833E74359E839E5FA4AA4361B06DA473E0CA64D5A9F3FAC1B5460A5F3E92F0223F2DCA0A05617A2833E43EADBEA3827685050127D5B9D39FE9FE842B4026BA33798206709A330C8275BB42709E46F185574E8507844329997C1785590D26F113A9C7E2AE7B039DE307D3A7C
310
C030CC66AA7F2B4218A442CEBCB1D43AFA0D46A7627A29075AF623B46E2A8659A8E0F4C6028BCD297468F606466072E028A937469CE0D838DE8B8C5F9EAAFE3F1E13E840543ACA55EDE9828B92CC7026288553F96E01EABEF28BE9E4FB45D7EC209CC3E3A6C82B618E0B47691408FA2542291C4C0A1F15BC072829CECBE5D9
310
728F0149A769FE593B28A9F672CCF772245FC37BB6FCE28869FAEA334A59B117EA3CD7311B947AA253674539B99A80612831532CAAC8C53BE70B4FE0B55484EE281801FAFD30BAFAC359245194C4E59233532FB7D0FA015E556D1D3D2684D6DFF5468E9C1CA85701C10667C4C6DBEC111640B59C8A796A09B161005534AD19
310
80D688D0051C33F6AF96485547B5A94A3DEC0A78E47B00048E24DEFF08B7A96FA80D2DC117802BF9E5F1412F4C1C0E83F3E9BF504B03041400060808002F61454DF19F6E8EE1000000550100003C0000006662782F38413145354246342D413831422D343535392D414638392D3331413244363030323334462F7265736F75
310
726365732F322F636E782E786D6C4D90DD6A032110855F45845EAE3F1B0A6970CD4BE4AA37C1EAC44A769DC59FD2BE7D34B5D0AB19CEF918CE1C75FEDE56F20529078C0B954C5002D1A20BD12FB496DB74A4E4AC55422CFF304AA2D960A15DA65AF984751F92839BA96B57D710EF4314570F1152B0D73D7A4AEC6A725E68B6
310
9FB019666A4107F9CE9C2986499620634D16DA89123618276C0253C0513D0B799CA498C4EB45CE27F1763AC877C53BA9D507E23AF8100B24DC5F6661B1ADB125128A7740AB9AC2A0FA1BCDF88BC75A3CC59BAD552EA97530B0F2B3372C6CC6037F22BFAE56BC3FD9C6B381367B21FA01504B03041400060808002F61454DFF
310
15A4A45D000000800000003A0000006662782F38413145354246342D413831422D343535392D414638392D3331413244363030323334462F7265736F75726365732F636E782E786D6C4D8B3B0E80201005AF42B6F75B59F0390B113044D83508C6E30BC6C26AF226F3B8BA6360974DA7271430F523308B2B198F9B80925DB7
310
00539227A2FCCB80A18E5640D320F996A81C9F32D6E9129A0D1EF74FCE750E6D57BC7165FBCA07504B03041400060808002F61454D2BB88B914201000056050000300000006662782F38413145354246342D413831422D343535392D414638392D3331413244363030323334462F636E782E786D6CCD94C14A033110865F65
310
0978DCDD6445A8259B82079FC08378CB66A76B6C36599289D8B737A9DB5691A287427B0B932FF0FF337F86AF3E4653BC830FDAD996B08A9202AC72BDB6434B22AECB052956827BE7F01B460A2B4768492E13C107EFE234977A58CB6872D568BB998B12D1EB2E220452282343684950AF30CA4A46743D844DD54B9415AB3C04
310
17BD82F41EF508F37BE54122F44434942D4A464B7AF7C49A25BD5FDEB2175E6752F0CE3933F3DA227837DD3454B974B4490EE57506048F5ECF54F640C4515BD569CBEB742F78487AED3073B89D32374D462B89A951B55308582608E4C8EB2F58F03A3BFEE1FBF1E1F9A8219D7AED41A1F3DB8BB5819D6AC3415A9512F1BF2E
310
ECC0BFCCBBEE2D59BEDCDC4F1A9E859DCDEE3EB92145F77712529EA41DCC357E8083B4F3E73F2D16D4EA1A4DEF959DC973BD5B8169F079238A4F504B03041400060808002F61454DD65892667E000000A30000000B0000006662782F636E782E786D6C4D8CD10AC22018465F45FE7B4B370D07EA7094EF319A1BD2A661337A
310
FC3476D1D50787EF1CD97FB615BD5D7AF91814D01301E4C23D4E3E2C0AF23E6301A8D732C5B8FFDD008571730A2A062D9714F3F340939BC7BC56BAFAF038A030F4C607CBB01174C08CF30E1B2B3ADC52D35C2F84342DB3C53857A5CCAF57B6E6F517504B03041400060808002F61454DA6D797065F00000082000000070000
310
00636E782E786D6C4DCB3B0E80201045D1AD90E9FD7516806B51190811670C8A61F982B1B0BAC9C97B72CA7B1037C6D3332918DA1E04D2CAC69353902EDB8C20262D23F3F59B81A079470595414B17391D1F19B4730A5583A7ED43BBE4025D9592775E5ADFFA01504B03041400060808002F61454DECFD112DA80000002601
310
0000130000005B436F6E74656E745F54797065735D2E786D6C7D4F4B0EC22010BD0A61DF525D18634ABB506FE00510A79458060253536F2FD89D5197F3FED3F68B9BD80362B21E25DFD40D6780DADF2C1AC9671AAA3D677DD75E9E0112CB5A4C928F44E12044D22338956A1F003333F8E814E5331A1194BE2B0362DB343BA1
310
3D122055543278D79E6050F344ECBC6478EDCD76CE8EABAE5449AE4298AC56946789C28AAFBEABC53F3EAF09A84A1441B91F0101CD4780756578C173A578FFDDBD00504B03041400060808002F61454D3DEE336E64000000790000001B0000006175746F6465736B2D64657369676E2D7061636B6167652E786D6C35CBC10E
310
83200C00D05F21DCA56CA76D41FC96062B120735B69A7DBE268BB7777961F8D5AF396893C2ADB70FE7ADA196782C2DF776D7A97B5933C430F15651E5469C55D70F80A4992A3ADC954792C525AE70A1E4D6AD9816CC044FEFDF01FE3FDE907802504B03041400060808002F61454DCAEA2704F20000008E0100003D00000066
310
62782F38413145354246342D413831422D343535392D414638392D3331413244363030323334462F7265736F75726365732F322F636F72652E786D6C8550CB6EC32010FC156BEFD8E0878A234CE42AC917F4D41B02E2A2C460F1A8FAF985C495DA534FBB9A9D99DD1D76FC5AEFD5A7F6C1383B01A93154DA4AA78C5D2648F1
310
8A285447CEBC73F1170D2A2B563D418181B3C5BBB4ED9074366A5B50EB94DE4111828E50C97B6E2608F243AFA216296646B8D59B9037B1E89AD44F1E672919B54B8DCA6EE66AB407DE92EE72EAE809BDE079403D79EDD03CF723A29791F4E771A03D3DB3A688398B66FDD92EBD1651ABACC7842282111EDE487BC0E3A123EF
310
AC294CCE42F4F9E77D69F92ED359F344FFB8A54DFDEF968C8D5DBBBB3D150138C9C73D069C35259D5C1ED1E55A92E4DF504B03041400060808002F61454D85ABAB9BF8000000960100003B0000006662782F38413145354246342D413831422D343535392D414638392D3331413244363030323334462F7265736F75726365
310
732F636F72652E786D6C8550CB6EC32010FC158B3B36F8A1E20813B94AF2053DF58660E3A2C460F1A8FAF985C495DA534FBB9A9D99DD1D7EFC5AEFD527F8609C9D10AD09AAC02AA78D5D2694E21533541D05F7CEC55F345459B9C2840A8C045FBC4BDB0E296723D8825AA7610765081051A5EEB99950501FB0CA5AA69819E1
310
566F52DDE40235AD9F3CC153327A971A9DDDCCD58047A2A5DDE5D4B1137E21F3807BFADAE179EE47CC2E23EDCFE3C07A76E64D110B1ECDFAB35D79901174D613CA3025980C6FB43D90F1D0D177DE14A6E021FAFCF3BEB47C878487E092571078F39CFE714D9BFEDF35191BBB76777D2A0212341FF91808DE9494727944986B
310
49547C03504B03041400060808002F61454DFBC4558EF1000000B1010000310000006662782F38413145354246342D413831422D343535392D414638392D3331413244363030323334462F636F72652E786D6C8D50CB6EC32010FC156BEFD8E047654798C851EB2FE8A93704C44589C1E251F5F30BB12BB5B79C16CDCE30B3
310
43CFDFEBBDF852CE6B6B46202586421961A536CB08315C510FC59951676DF84383C2F0558D9061607471366E0724AC09CA64D458A90E907BAF0214E29E1E2378F1A9565EF21812C3DFCA8D8B1B5F5449CA9DC768D0EBAF5438C58392C06A4C7A4430C2DD3BA94F783835E4835699C9688C5A1E565A26777DD5CA01EB27F2D6
310
5DE6164D3DB9A0B6EB0634CDFD801A32D5AF2F18D74D3BD32A8B19F5C1A59B8F4FF275CFCA77E1BFCC71934F64D62634F561B82B3C3092F23C168C56B9C0341EEDA699CB663F504B03041400060808002F61454D605E51F253010000DD0200000C0000006662782F636F72652E786D6C8D52CB6E833010FC15E43B0F035149
310
641CA54AF2053DF5E618875A011B191BE5F3BBE621CAA1698564ACD99DD9D991C9F1D936C1204C2FB52A118E121408C57525555D2267EF6181822325466BFBA30D058AB5A2441E4694D446BB6E86B85656288F2A5D8919647D2F2C0A78039712F5FC4BB42C62CE4247FF883AC61FAC16118EA63E4A9C93D54C9515A8C9BB14
310
06D11467D773569CC3B7E4B40B73FC9E85A753BE0F8BEB1EE797FDAEC88B0B893D99122BDB653A37825951013FC145889330D97DE0F490EC0F19FE24B1EFA4A4B706769E87FAED10BDDF9E249EF08D9EEBAABFF59C54364B67BD89D1238AC1DE58A024F6F9C06F0C6F9B210C86FC2CBB35CB0A0F8006C1AD3639542AEDD6D2
310
C01A27403A09C68FC45315944781DF74D2173AAF352028A66AB0C62C5C6FCEFAE95B4F9D30E1609F81D2A665CD6A6EB2B89EEBA0CD4A0B9DEB469BFFB09755973063FF30E937504B03041400060808002F61454D3C10733906010000B201000008000000636F72652E786D6C8D504B6EC32014BC0A628F0DFEA87684895C25
310
394157DD51200E8A0D16E0A8BD7D21A652BBEBEAA1F9BC191E3D7E2E337828E7B53503240586401961A536D300B770451D0447469DB5E1970C02C31735C00443462767B73543C29AA04C428D952A83DC7B152010737C0CD08B9B5A78C1B71015FE5EAC5CDCF9A40A52EC3A46835E7EACC2291E9484ACC2A4430423DCBE91EA
310
80FB434DDE6999948C6E9B96394ACB98AEAF5AB96821F5E5547727F482C71635E4B546E3D8F4A8BBF4A439F76DD774675A2633A33EB8F8E7BC24F60CC0F347CAA5E54E31FA61ED9C05B19404D6CC5F90615A26E24FE96D95FF28AD4DA8ABBC707778C8482CF4246270BA601CCFF3C699AECDBE01504B010214001400060808
310
002F61454D0000000000000000000000003700000000000000000000000000000000006662782F38413145354246342D413831422D343535392D414638392D3331413244363030323334462F617474726962757465732E62696E504B010214001400060808002F61454D000000000000000000000000350000000000000000
310
0000000000550000006662782F38413145354246342D413831422D343535392D414638392D3331413244363030323334462F76657274696365732E62696E504B010214001400060808002F61454DF270F13306000000040000003600000000000000000000000000A80000006662782F38413145354246342D413831422D34
310
3535392D414638392D3331413244363030323334462F747269616E676C65732E62696E504B010214001400060808002F61454D88E57597CD3F0000904100004200000000000000000000000000020100006662782F38413145354246342D413831422D343535392D414638392D3331413244363030323334462F7265736F75
310
726365732F322F305F67656E657269632E706E67504B010214001400060808002F61454D51464CB4890000004301000036000000000000000000000000002F4100006662782F38413145354246342D413831422D343535392D414638392D3331413244363030323334462F6469726563746F72792E786D6C504B0102140014
310
00060808002F61454DE1222D3F41070000541C000034000000000000000000000000000C4200006662782F38413145354246342D413831422D343535392D414638392D3331413244363030323334462F6F626A656374732E786D6C504B010214001400060808002F61454DF19F6E8EE1000000550100003C00000000000000
310
0000000000009F4900006662782F38413145354246342D413831422D343535392D414638392D3331413244363030323334462F7265736F75726365732F322F636E782E786D6C504B010214001400060808002F61454DFF15A4A45D000000800000003A00000000000000000000000000DA4A00006662782F38413145354246
310
342D413831422D343535392D414638392D3331413244363030323334462F7265736F75726365732F636E782E786D6C504B010214001400060808002F61454D2BB88B91420100005605000030000000000000000000000000008F4B00006662782F38413145354246342D413831422D343535392D414638392D333141324436
310
3030323334462F636E782E786D6C504B010214001400060808002F61454DD65892667E000000A30000000B000000000000000000000000001F4D00006662782F636E782E786D6C504B010214001400060808002F61454DA6D797065F000000820000000700000000000000000000000000C64D0000636E782E786D6C504B01
310
0214001400060808002F61454DECFD112DA80000002601000013000000000000000000000000004A4E00005B436F6E74656E745F54797065735D2E786D6C504B010214001400060808002F61454D3DEE336E64000000790000001B00000000000000000000000000234F00006175746F6465736B2D64657369676E2D706163
310
6B6167652E786D6C504B010214001400060808002F61454DCAEA2704F20000008E0100003D00000000000000000000000000C04F00006662782F38413145354246342D413831422D343535392D414638392D3331413244363030323334462F7265736F75726365732F322F636F72652E786D6C504B01021400140006080800
310
2F61454D85ABAB9BF8000000960100003B000000000000000000000000000D5100006662782F38413145354246342D413831422D343535392D414638392D3331413244363030323334462F7265736F75726365732F636F72652E786D6C504B010214001400060808002F61454DFBC4558EF1000000B1010000310000000000
310
00000000000000005E5200006662782F38413145354246342D413831422D343535392D414638392D3331413244363030323334462F636F72652E786D6C504B010214001400060808002F61454D605E51F253010000DD0200000C000000000000000000000000009E5300006662782F636F72652E786D6C504B010214001400
310
060808002F61454D3C10733906010000B201000008000000000000000000000000001B550000636F72652E786D6C504B050600000000120012002D060000475600000000
  0
XRECORD
  5
4ECF76
102
{ACAD_REACTORS
330
4ECF75
102
}
330
4ECF75
100
AcDbXrecord
280
1
102
DISPLAYNAME
  1
Imperial24
102
FLAGS
 90
0
  0
XRECORD
  5
4ECF72
102
{ACAD_REACTORS
330
4ECF71
102
}
330
4ECF71
100
AcDbXrecord
280
1
102
DISPLAYNAME
  1
Metric50
102
FLAGS
 90
0
  0
CELLSTYLEMAP
  5
4ECF66
102
{ACAD_REACTORS
330
15D15
102
}
330
15D15
100
AcDbCellStyleMap
 90
3
300
CELLSTYLE
  1
TABLEFORMAT_BEGIN
 90
5
170
1
 91
0
 92
32768
 62
257
 93
1
300
CONTENTFORMAT
  1
CONTENTFORMAT_BEGIN
 90
0
 91
0
 92
4
 93
0
300

 40
0.0
140
1.0
 94
5
 62
0
340
F
144
6.0
309
CONTENTFORMAT_END
171
1
301
MARGIN
  1
CELLMARGIN_BEGIN
 40
1.5
 40
1.5
 40
1.5
 40
1.5
 40
0.18
 40
0.18
309
CELLMARGIN_END
 94
6
 95
1
302
GRIDFORMAT
  1
GRIDFORMAT_BEGIN
 90
0
 91
1
 62
0
 92
-2
340
0
 93
0
 40
0.045
309
GRIDFORMAT_END
 95
2
302
GRIDFORMAT
  1
GRIDFORMAT_BEGIN
 90
0
 91
1
 62
0
 92
-2
340
0
 93
0
 40
0.045
309
GRIDFORMAT_END
 95
4
302
GRIDFORMAT
  1
GRIDFORMAT_BEGIN
 90
0
 91
1
 62
0
 92
-2
340
0
 93
0
 40
0.045
309
GRIDFORMAT_END
 95
8
302
GRIDFORMAT
  1
GRIDFORMAT_BEGIN
 90
0
 91
1
 62
0
 92
-2
340
0
 93
0
 40
0.045
309
GRIDFORMAT_END
 95
16
302
GRIDFORMAT
  1
GRIDFORMAT_BEGIN
 90
0
 91
1
 62
0
 92
-2
340
0
 93
0
 40
0.045
309
GRIDFORMAT_END
 95
32
302
GRIDFORMAT
  1
GRIDFORMAT_BEGIN
 90
0
 91
1
 62
0
 92
-2
340
0
 93
0
 40
0.045
309
GRIDFORMAT_END
309
TABLEFORMAT_END
  1
CELLSTYLE_BEGIN
 90
1
 91
1
300
_TITLE
309
CELLSTYLE_END
300
CELLSTYLE
  1
TABLEFORMAT_BEGIN
 90
5
170
1
 91
0
 92
0
 62
257
 93
1
300
CONTENTFORMAT
  1
CONTENTFORMAT_BEGIN
 90
0
 91
0
 92
4
 93
0
300

 40
0.0
140
1.0
 94
5
 62
0
340
F
144
4.5
309
CONTENTFORMAT_END
171
1
301
MARGIN
  1
CELLMARGIN_BEGIN
 40
1.5
 40
1.5
 40
1.5
 40
1.5
 40
0.18
 40
0.18
309
CELLMARGIN_END
 94
6
 95
1
302
GRIDFORMAT
  1
GRIDFORMAT_BEGIN
 90
0
 91
1
 62
0
 92
-2
340
0
 93
0
 40
0.045
309
GRIDFORMAT_END
 95
2
302
GRIDFORMAT
  1
GRIDFORMAT_BEGIN
 90
0
 91
1
 62
0
 92
-2
340
0
 93
0
 40
0.045
309
GRIDFORMAT_END
 95
4
302
GRIDFORMAT
  1
GRIDFORMAT_BEGIN
 90
0
 91
1
 62
0
 92
-2
340
0
 93
0
 40
0.045
309
GRIDFORMAT_END
 95
8
302
GRIDFORMAT
  1
GRIDFORMAT_BEGIN
 90
0
 91
1
 62
0
 92
-2
340
0
 93
0
 40
0.045
309
GRIDFORMAT_END
 95
16
302
GRIDFORMAT
  1
GRIDFORMAT_BEGIN
 90
0
 91
1
 62
0
 92
-2
340
0
 93
0
 40
0.045
309
GRIDFORMAT_END
 95
32
302
GRIDFORMAT
  1
GRIDFORMAT_BEGIN
 90
0
 91
1
 62
0
 92
-2
340
0
 93
0
 40
0.045
309
GRIDFORMAT_END
309
TABLEFORMAT_END
  1
CELLSTYLE_BEGIN
 90
2
 91
1
300
_HEADER
309
CELLSTYLE_END
300
CELLSTYLE
  1
TABLEFORMAT_BEGIN
 90
5
170
1
 91
0
 92
0
 62
257
 93
1
300
CONTENTFORMAT
  1
CONTENTFORMAT_BEGIN
 90
0
 91
0
 92
4
 93
0
300

 40
0.0
140
1.0
 94
2
 62
0
340
F
144
4.5
309
CONTENTFORMAT_END
171
1
301
MARGIN
  1
CELLMARGIN_BEGIN
 40
1.5
 40
1.5
 40
1.5
 40
1.5
 40
0.18
 40
0.18
309
CELLMARGIN_END
 94
6
 95
1
302
GRIDFORMAT
  1
GRIDFORMAT_BEGIN
 90
0
 91
1
 62
0
 92
-2
340
0
 93
0
 40
0.045
309
GRIDFORMAT_END
 95
2
302
GRIDFORMAT
  1
GRIDFORMAT_BEGIN
 90
0
 91
1
 62
0
 92
-2
340
0
 93
0
 40
0.045
309
GRIDFORMAT_END
 95
4
302
GRIDFORMAT
  1
GRIDFORMAT_BEGIN
 90
0
 91
1
 62
0
 92
-2
340
0
 93
0
 40
0.045
309
GRIDFORMAT_END
 95
8
302
GRIDFORMAT
  1
GRIDFORMAT_BEGIN
 90
0
 91
1
 62
0
 92
-2
340
0
 93
0
 40
0.045
309
GRIDFORMAT_END
 95
16
302
GRIDFORMAT
  1
GRIDFORMAT_BEGIN
 90
0
 91
1
 62
0
 92
-2
340
0
 93
0
 40
0.045
309
GRIDFORMAT_END
 95
32
302
GRIDFORMAT
  1
GRIDFORMAT_BEGIN
 90
0
 91
1
 62
0
 92
-2
340
0
 93
0
 40
0.045
309
GRIDFORMAT_END
309
TABLEFORMAT_END
  1
CELLSTYLE_BEGIN
 90
3
 91
2
300
_DATA
309
CELLSTYLE_END
  0
DICTIONARY
  5
4ECF7C
330
1C
100
AcDbDictionary
281
1
  3
WRITTEN_BY_EZDXF
350
4ECF7D
  0
DICTIONARYVAR
  5
4ECF7D
330
4ECF7C
100
DictionaryVariables
280
0
  1
1.4.1 @ 2025-04-30T08:24:40.475999+00:00
  0
ENDSEC
  0
SECTION
  2
ACDSDATA
 70
2
 71
8
  0
ACDSSCHEMA
 90
0
  1
AcDb3DSolid_ASM_Data
  2
AcDbDs::ID
280
10
 91
8
  2
ASM_Data
280
15
 91
0
101
ACDSRECORD
 95
0
 90
2
  2
AcDbDs::TreatedAsObjectData
280
1
291
1
101
ACDSRECORD
 95
0
 90
3
  2
AcDbDs::Legacy
280
1
291
1
101
ACDSRECORD
  1
AcDbDs::ID
 90
4
  2
AcDs:Indexable
280
1
291
1
101
ACDSRECORD
  1
AcDbDs::ID
 90
5
  2
AcDbDs::HandleAttribute
280
7
282
1
  0
ACDSSCHEMA
 90
1
  1
AcDb_Thumbnail_Schema
  2
AcDbDs::ID
280
10
 91
8
  2
Thumbnail_Data
280
15
 91
0
101
ACDSRECORD
 95
1
 90
2
  2
AcDbDs::TreatedAsObjectData
280
1
291
1
101
ACDSRECORD
 95
1
 90
3
  2
AcDbDs::Legacy
280
1
291
1
101
ACDSRECORD
  1
AcDbDs::ID
 90
4
  2
AcDs:Indexable
280
1
291
1
101
ACDSRECORD
  1
AcDbDs::ID
 90
5
  2
AcDbDs::HandleAttribute
280
7
282
1
  0
ACDSSCHEMA
 90
2
  1
AcDbDs::TreatedAsObjectDataSchema
  2
AcDbDs::TreatedAsObjectData
280
1
 91
0
  0
ACDSSCHEMA
 90
3
  1
AcDbDs::LegacySchema
  2
AcDbDs::Legacy
280
1
 91
0
  0
ACDSSCHEMA
 90
4
  1
AcDbDs::IndexedPropertySchema
  2
AcDs:Indexable
280
1
 91
0
  0
ACDSSCHEMA
 90
5
  1
AcDbDs::HandleAttributeSchema
  2
AcDbDs::HandleAttribute
280
7
 91
1
284
1
  0
ACDSRECORD
 90
1
  2
AcDbDs::ID
280
10
320
4ECF33
  2
Thumbnail_Data
280
15
 94
1920
310
89504E470D0A1A0A0000000D4948445200000100000000B408030000004C80028300000300504C5445FFFFFFFFFFFFFFFFFF0000000000000000000000000000000000000000000000000000330000660000990000CC0000FF0033000033330033660033990033CC0033FF0066000066330066660066990066CC0066FF0099
310
000099330099660099990099CC0099FF00CC0000CC3300CC6600CC9900CCCC00CCFF00FF0000FF3300FF6600FF9900FFCC00FFFF3300003300333300663300993300CC3300FF3333003333333333663333993333CC3333FF3366003366333366663366993366CC3366FF3399003399333399663399993399CC3399FF33CC00
310
33CC3333CC6633CC9933CCCC33CCFF33FF0033FF3333FF6633FF9933FFCC33FFFF6600006600336600666600996600CC6600FF6633006633336633666633996633CC6633FF6666006666336666666666996666CC6666FF6699006699336699666699996699CC6699FF66CC0066CC3366CC6666CC9966CCCC66CCFF66FF0066
310
FF3366FF6666FF9966FFCC66FFFF9900009900339900669900999900CC9900FF9933009933339933669933999933CC9933FF9966009966339966669966999966CC9966FF9999009999339999669999999999CC9999FF99CC0099CC3399CC6699CC9999CCCC99CCFF99FF0099FF3399FF6699FF9999FFCC99FFFFCC0000CC00
310
33CC0066CC0099CC00CCCC00FFCC3300CC3333CC3366CC3399CC33CCCC33FFCC6600CC6633CC6666CC6699CC66CCCC66FFCC9900CC9933CC9966CC9999CC99CCCC99FFCCCC00CCCC33CCCC66CCCC99CCCCCCCCCCFFCCFF00CCFF33CCFF66CCFF99CCFFCCCCFFFFFF0000FF0033FF0066FF0099FF00CCFF00FFFF3300FF3333
310
FF3366FF3399FF33CCFF33FFFF6600FF6633FF6666FF6699FF66CCFF66FFFF9900FF9933FF9966FF9999FF99CCFF99FFFFCC00FFCC33FFCC66FFCC99FFCCCCFFCCFFFFFF00FFFF33FFFF66FFFF99FFFFCCFFFFFF0000000D0D0D1A1A1A2828283535354343435050505D5D5D6B6B6B787878868686939393A1A1A1AEAEAEBB
310
BBBBC9C9C9D6D6D6E4E4E4F1F1F1FFFFFF000000000000000000000000000000000000000000000000000000000000AD4AB4E40000043B4944415478DAED9D3D8E1B310C85758185DDA44CEA6D74FF8E8DEE30152B01D32C54F8082129CD8FC7BFE35D2C2CE93188430F2659E8B3F41E29D98E4B5F3D474A2EB99E23038831
310
DA436F8F0B803E5FFD0540F74B001AD0FB12000000800BC005E002D000000000B8005C002E000D008055501BF10D004DBCD04F00707D02700080250000000000104100C012000000800BC005E002D000000000B8005C002E000D000000800BC005E002D000000000B8005C002E000D000000800BC005E002D000000000B800
310
5CA05F17E025DCFAC98D684F0358DF6EAE5F38400AC0E5417A6738F40EEF2CF71AE5526300780D80BD8F47A2E465D09212FD0D6400CADBF29B04C0F92B274E650910536205F019A3C2F12439D50EC0DD5B021940B4497FE4A32D0A1D3473D0D4AF563ED72A824F03983E83C24B6A4B209804D40BE0CE1258BFBA3CFF83BCA4
310
19404AECDAD4802B00DC02C02D005A15C17300B2EE438C4107FDC94174304457AF063CE902EB42E898920C3A640D88F90B89248F234765D3A00B9C8599A0BCFE2ECF003665D43C69C893065D600360AA7699DD5CF8CA9F419E8CDCA40B9C0370AB41CFA3D53C35AB019733A0B766685F37F89658BE0560F9047299F44B3738
310
0C4B37E8F86A5A6EA8D90588CF0078A9FCA515F2D60BD03050F0362FA410641FF21499523AD8DF4BEF0BE01917A0D3C9D1BF05800D55010C251480B9A0B4CAF31AF1E5EAA11600B797C0914E59FE7CAE0475FC49CA010520BF49991800CEA9C6417EA2A494F4975EAD59034EA753CE68DD0D6A3B3C2C9D219585B24DA71BAA
310
16C1295B03706EB509320FF576DA423334BBC0F56EF07E5AF58ED07300F86A5A2650D52E70D10E6B0B64DDA0A82095765855B03489E586C906534C95BBC0A6120CD2F28AC99B060C830ED4953AC08738978AC1EE2073C754B9066C9B2169824B3B3C75C6D624279E522AA5AF40110221B9B6004CA3B152F88606708522F863
310
DD60ADCDD04BF2514DFCF08ED0B3E1FFBCFD0C786147C891CABA2F2EEF2E0E47D795426A5003F2EE67B2C3D10F09A28F7252ACA7861557823B01B097BA9074FCC4D3E128533F00EC44343743BC391C9D560635D30B6C00DC3A1C4DE56C502FA7516AA0B10600FB5D60BEBA3D1C4DE56C50E688EE998CC4750188BB00DC6D87
310
C734D2C8CD6A8016F8A51B5417B8381C5D2AE4464B61DBE6CD7DAF02F8C87D5FFD1B227B00A43C680530B5C32DEF086D9740A9EFEC70946ADF127BD5059AD913DCEF021D9E0DEEFD590FBFCCB87500877C6CF25607E5BF0840CFCC0C80AF6C06B81F9C016C6F996C7347E871F8B71BBDC3A7C6F09921000080DF7381BA0038
310
00C01200000000008820006009000000C005E002700168000000005C002E00178006000000C005E002700168000000005C002E00178006000000C005E00270016840D700DA88D701341E8F5DA08300002C01000000008008C205A0010000007001B8005C001AD02F00FBDF52FA7B840664005F3D8702E83CFE03213B0F87CD
310
D7FC760000000049454E44AE426082
  0
ACDSRECORD
 90
1
  2
AcDbDs::ID
280
10
320
13B
  2
Thumbnail_Data
280
15
 94
4027
310
89504E470D0A1A0A0000000D4948445200000100000000800803000000D36B473800000300504C5445212830FFFFFF2128300000000000000000000000000000000000000000000000000000330000660000990000CC0000FF0033000033330033660033990033CC0033FF0066000066330066660066990066CC0066FF0099
310
000099330099660099990099CC0099FF00CC0000CC3300CC6600CC9900CCCC00CCFF00FF0000FF3300FF6600FF9900FFCC00FFFF3300003300333300663300993300CC3300FF3333003333333333663333993333CC3333FF3366003366333366663366993366CC3366FF3399003399333399663399993399CC3399FF33CC00
310
33CC3333CC6633CC9933CCCC33CCFF33FF0033FF3333FF6633FF9933FFCC33FFFF6600006600336600666600996600CC6600FF6633006633336633666633996633CC6633FF6666006666336666666666996666CC6666FF6699006699336699666699996699CC6699FF66CC0066CC3366CC6666CC9966CCCC66CCFF66FF0066
310
FF3366FF6666FF9966FFCC66FFFF9900009900339900669900999900CC9900FF9933009933339933669933999933CC9933FF9966009966339966669966999966CC9966FF9999009999339999669999999999CC9999FF99CC0099CC3399CC6699CC9999CCCC99CCFF99FF0099FF3399FF6699FF9999FFCC99FFFFCC0000CC00
310
33CC0066CC0099CC00CCCC00FFCC3300CC3333CC3366CC3399CC33CCCC33FFCC6600CC6633CC6666CC6699CC66CCCC66FFCC9900CC9933CC9966CC9999CC99CCCC99FFCCCC00CCCC33CCCC66CCCC99CCCCCCCCCCFFCCFF00CCFF33CCFF66CCFF99CCFFCCCCFFFFFF0000FF0033FF0066FF0099FF00CCFF00FFFF3300FF3333
310
FF3366FF3399FF33CCFF33FFFF6600FF6633FF6666FF6699FF66CCFF66FFFF9900FF9933FF9966FF9999FF99CCFF99FFFFCC00FFCC33FFCC66FFCC99FFCCCCFFCCFFFFFF00FFFF33FFFF66FFFF99FFFFCCFFFFFF0000000D0D0D1A1A1A2828283535354343435050505D5D5D6B6B6B787878868686939393A1A1A1AEAEAEBB
310
BBBBC9C9C9D6D6D6E4E4E4F1F1F1FFFFFF0000000000000000000000000000000000000000000000000000000000002E4550F10000010C4944415478DAEDD75B6E8330100550EF7F51776D51F332764CAA544D6A97737E081241CC303336A50000000000000000000000FCBD7C3972F8B72C4CFB849FBA7BE67E45EF495BCA
310
F409C8F5C1EAB1FEF869FC592B019727BB1CCFAD5A33919D0196A7332EE3AACABC1320B7046CB2D0D4411B631EC3CAE8962BC4DFD4FD3D017D23A49B6683BAA857671CEFB423B04DC0BD05D287F4CD38CFF3993FF52298DF4A40531859E1F5976DB0D9B640DDC08C12D07540BA8649D698FF7587960C16C0EC4EB5C7F64FDA
310
2BB34C0174BBD4EC6FE6D357CDE834C36E28F37F09E4D58C752DD0ACFC7B4BC43FCAC0AB7F3EF0B7E0EC8BE0673F378E9C0100000000000000000000000000000000D83801DC13AF293BCA7FB00000000049454E44AE4260821C541559D7FBD4BFD900B209019713D9B4F97F0940A905009444D60D00F5670035954544366D
310
FEB900A0AEB288C86ADE172A551C07644D5555268A8C546563C345DE1C9713D91B00E20200FE22221120000480001000024000080001200004800010007B0240580240A002F05200A27981DB2C00E15C20DF1EEF1FED04E036305303600CD7D320EF1AEC8E68778BCD983200E0E9D0A6892646E961AAB20700330180E219E2
310
E6D34F126700980200D7C6160C1200E419554B1B37214C85A9FF760700C39A9701DCCD95996AFB8711C0AF205F0D01505A51F0F30A01C3243214EDF600E29A6700F04C76008003E00251CD6FAA0CC02D0F2000DDEA0807A0B9521ED0BAEAFE26004CE27F0A805CB8EA0E80E6A502BC1F365E2A124780A506BF7A00567302D0
310
B48D45ECE6493053F3748184F35C75AB44FA3BFC75FFA324182D0AE92D14B1760700B77100089CF33A0E0DB3F056F53F8D80770B8DB257E51B9F0478DF0348BCDF0040B6E6E9C408520AF7005C47A867BF1200CB009AC674392093FD360750A8790C002902BAB0D74A5F1300E6363210C26EDC838DED1622D078E01A033039
310
EF57065072BF3435F66E401B8DDF43FFC754FA08780F3A3E0E0164B2DFFA00CCF4A1309DF0EE8B7B2E5D1750D9615BFD34C89D1C6CC3B990B46C34F6DB01C04DCD8B00B7B889D746F6FE1B3309803F0B804568DC358019E4802EFC37EF026A5E045C00BE290EA803503E180DFF1C80787D6418FF84E0A901B01940A3DDD51B
310
8C877F0E80EB0217B4C6F581070073E7F3C400DCAAD0D9D5C1824841E5990114EE07FCF286885F21883845EE987784E49EA00010000240000800012000048000D81300566CFC19536C391131313131313131B1CD4DC7B6808A0010004F62722D2097C302603300F61FC0C90114267FA50B080001B01B80CAC8E41C005A6F5A
310
22E0A4007E7E7E34FF9E1640E5D34BCE01E0D31B9C3B0210CE0EE0BC39A0FB58C30F498230FE717A321416000240000800012000048000383B00F71F53B54A210617578705D04FD87583E86028ED09BD0680CB652680DC5723E40C5E048035F300DCE0E26EA282FBCF57A0A36E0F7EE7F7FC8463028016DA09C624CC21017C
310
1300EEE363FE5BDBC26B00282F3E2844400B63000CF9DFDE53E2D30328CF589700E40C0328DCFC3DD6E3E58081354D1303E8F260BFC2E6C901E8B9003EAB66A075BD1F8F0B201F0141EF6F105E6928ACCB9F6C5F01904F83C6257F3CF6B54005C020F91F14008DF18BE73ED39FFB8F1C01A664DCFC38FE252B2F0FC0B6C177
310
84B5E1436A7E3CC1FD80EC851FFFB48511D5E192A01BE30411F03898F6252BC7B925E6473AFDBD8F60F4776400C9203F283805805FAA080001200004800010000240000800012000048000100002E07900FC074637AF3517D606700000000049454E44AE426082D9C67D3DBAAC5785135EB4EB3E350158A7D75ACDC2FB27DC
310
C0FE9E579B00ECD98619808A9E67DD58F07B0F40FD3F40A9A8E907B2B5E077D002ACB651C38BB5A9FE03005872CAA94DF51F02C0966560ABDE7F18803DE8E5BD1FDA54FF410006C1058F38200DC0668DC941975B01087BBDEF09207EB4654F73007C3CE42BA8BF2700AFCF873FE607ED3AC1310B80E87C574700760DE82911
310
DA8FA0B8B19F9DB1C1912000FBCF6D6C6ABD2D805A3B7A1B07206E0C80DD1340F4CE963FDC12808800887BB9C01DF38007C0DD33C107C003E001F00078003C001E000F8007C003E001F00078003C001E000F806601FC01CED2B775B3B5574C0000000049454E44AE4260829B5EAAC4C2269E6C0A9A42BBBDFC803D9EB7002D
310
4107027C4E26CCFF28024EA0259D7C45DE1E3DCDC4EF049ABD2044C1916E400702D08365DF0F21A04AF7D0DB97C8E45420AD6D4587A1644755309306CCA363B928A504CCA33B0F002992745A1538E8FDFCB3080029F072A0D94C09309D097039DAA192D037FF020224EC3F6371544280542D3F6B24086DB744CFE9B0170213
310
1ACCA1E946B49738EF4640E013F6FCD386C2E1F2E9248784805BD07A4808B88696138F3CFA024BA13AD2A7BDDF533D6027C5AE52F5EA6126814D7BC009F94F4693B7A187A5C217B4F74F0C0131DEEEC43A9C2E26C4DBFCE7846E0D9A556602763A089052AD3E3ACBC0430838EFDDA595E83BA6C38A8E1522A3EDB1CF22E0E5
310
D3E1A8F592CDC1EF7B43A4DE12AB0454022A0195804A4025E05104FC03EF2FCBB06BAE47350000000049454E44AE426082333D4CF7722769CF8D92AA209ADCCA969A144BC3A246733DFEF133FCB8351634F0A159AA4102440435B0DBD5DD920050B61F54140DFEE97BF83F717FDD1B6C556B5BBBC31BEB86BC85A83D05DC4E
310
CA2D17F30ACF77F07F7AB54422C02431E4CB811DA1CC6752CC0CAEACDA9CAEE164D8830B92076602342CF2F2F62BF8A70F929FE534285D1BB47097BEE67A6F8326858D65A30FB4123622108296BAE7127031FEF8B1FB1702B4A31167B840BD2DC1166B82944296AD7EA6F6891E30B8B2CAADAF895991C00BFC9F56FE672E18
310
120274492E695EA8013A6A6D7AB97502F82A82C141E92A325744D4382E8DFF38C633F89580728D047741D604F8A7F435B9750FF0B43D3E9474106C1ED0DEB3BA00FF882BDFE90202CA3CDE20E0A959F18607088343D9F3321EF006C729FCDD19F8860099B244E9E67AE7B7AF25917910477FC8F9A0CE2EC18D5FC23F8EA7BC
310
DF12A0ABC1CD6BFDDE5C4758C4D499BC18C02E86FEE7F0CF6B82ED2DEB3DE6394B603985B23E260F68803A8DFF12F83BAAC27B2A99A599CCECF602AD0528A768373E9EC4DF5D825F3746A6621EFB25224605554AA55C8AFA4615EEEA78F469393CD062D06B3AC9EBAAAA1EB0D1F8F721FEF1A2F12F0480DAC452E789858818
310
6321002C015109A004DABB520DE44B4F1AF580CBF05F34FC4D0F70D42B82FFBC1969AC859193FBFA780FC6032C7EABA7E3B5F8AF1BFECA0312766002A2340D79635408E12A41753C7900500F852FF590D2628B051468D403CEE1BF6EF89B04E8CEA899CA655A0F03AABCCE982C78BDF401A906782DADBA50A6D62BF15F3AFC
310
CD103004004B5ADFB3BEA7F5DE30F8EAA249E829E995E3607658422E8E951038877F9A2E14FF1DDBE3653AD74D9F52F82A55D49E63235F6BAD39A35C46CD62305E823F4ED37839FE4D02680473C918B77455E87DE6A097193FF70E38CFEB41D100DCED0E97F87FDCBFE5FD11018B6E5923EA092F5ECF15E4AA2EB3FB017D3E
310
911D05E69300D7034EC73F7EAFC017BE40648B0090B14E1EFD80D2DDE85DAE20B9FE41DB023954206F92CEEA0167F11FD9F2FE3004669D82AC01B98190968AB22404490E9137D280B25484B2375AD5034EE33FB2E57DB42A9C63DED96659975D40B9C83845E822EF0B9813B22BC4DB6C36113A89FF0BE2B72000735FAEFA54
310
1A80211DD9F5BD7A404AFB689823B84C80E60160B221AD0CB9F12CFE2F88DF320454EF6A0D4800A296B982F610304EE405B7C6A84BD87B2301CE95CD7122E034FE2F7E8B52AD0146059C7E814AD48EEE908797B43ED22C00A28EE0667D5FB96560B6397A14FFF855FC551EE0178910027944B9AAD9EB342810E9789A067D99
310
060D41AEEC93578D8F87F177E337F16F26428C5709E01E38FF28A1C1044873DCC3A487D5BE91CB21F001FEEFA9DF9EB50013005100F9E0B46980863A22BC94097A207130DB6260D40072087C82FFCBC3FF6635C88ACF62E774BA2F2E1E41D602AEE40150AD95BDECA88D9FE1FFFEF0BFF1002F7DAD51BB5873FF1453108145
310
302742A03992F7FF142B65F183F8A7F1FBF8DF10C01B269406DA4C50061B9FD373276CF600685D1CF829FEAEFB0501D3AC265887000F37A6C2F23563F21D13DC0887A9305E29941360AD07F87FA2F180693A8AFFDB93DF9280960734DB7ED39FB87262AD9AEEE27418FF4FDC7F7B5F60795C53FBB87BC340CEC6F957DEAD7F
310
051E3F98E28FE0A34D2B5FF748DFF3A720AAE3D13CEAF313F0F906B67D0511B0DB90866F2CFCD60978FF55A03E1C3B3E7FA3A370A6FF9F2F96FD377CAFF06ADBFEBF8480FF0011EE16013AE48EAF0000000049454E44AE426082
  0
ENDSEC
  0
EOF
